ID,Age,Gender,Marital,Ethnicity,Education,Occupation,WorkSector,ProfPosition,OrgTenure,WorkingHours,Income,BWAS_1,BWAS_2,BWAS_3,BWAS_4,BWAS_5,BWAS_6,BWAS_7,PC_1,PC_2,PC_3,PC_4,PC_5,PC_6,PC_7,PC_8,PC_9,PC_10,PC_11,PC_12,JSS_1,JSS_2,JSS_3,JSS_4,JSS_5,JSS_6,JSS_7,BBI_1,BBI_2,BBI_3,BBI_4,BBI_5,BBI_6,BBI_7,BBI_8,BBI_9
1,40,2,5,6,6,2,2,2,15,50,7,3,5,4,3,4,5,5,2,1,1,4,1,2,4,5,4,4,2,2,2,1,2,1,1,2,2,6,6,6,5,4,5,2,6,5
2,39,2,1,6,6,13,2,1,0,37,11,2,4,2,3,2,4,4,4,4,4,4,4,4,4,4,4,4,3,3,4,2,3,3,4,3,4,2,4,1,6,4,4,2,4,4
3,45,1,5,6,6,13,2,2,3,35,8,1,1,3,1,1,2,2,4,4,4,4,4,3,4,4,3,4,3,2,3,3,3,2,3,4,3,4,6,2,1,1,4,1,5,3
4,38,1,5,3,5,2,2,2,7,45,11,2,4,4,4,2,5,5,4,4,4,4,4,4,4,4,1,3,3,2,4,3,3,2,3,5,4,5,5,6,4,6,5,4,5,2
5,48,2,5,7,5,2,2,2,2,50,11,3,4,3,2,2,3,3,2,4,3,4,4,3,4,4,2,5,3,3,3,2,3,4,3,4,4,5,3,4,2,4,3,3,4,3
6,52,2,5,3,3,23,2,4,17,44,3,1,2,2,1,1,2,1,4,3,4,4,3,4,4,4,3,4,4,4,3,4,4,3,3,3,4,2,2,2,2,2,3,2,2,4
7,47,1,1,3,6,23,2,2,1,60,11,4,4,2,1,1,4,3,4,4,5,4,4,4,4,2,4,5,4,4,4,4,4,4,4,4,4,4,2,4,2,2,2,4,2,2
8,36,1,5,6,4,23,2,4,1,40,11,1,3,1,1,1,1,3,5,4,4,5,5,4,5,4,4,4,4,4,3,2,3,2,3,3,2,3,5,2,2,5,5,2,4,5
9,32,2,5,3,7,8,1,3,5,35,4,3,4,2,3,2,3,5,4,4,4,3,3,4,4,4,4,4,2,3,4,5,4,4,3,5,3,4,4,4,5,4,4,3,3,4
10,30,2,5,8,5,20,2,2,1,38,11,1,4,3,2,1,2,2,4,5,5,4,4,4,3,5,2,3,3,4,4,3,2,3,4,3,4,1,1,2,3,2,4,2,3,1
11,31,2,5,6,5,23,2,4,4,50,11,1,2,3,2,3,2,1,4,4,2,4,2,3,3,5,5,3,2,2,2,4,4,1,2,3,2,1,4,3,4,2,4,1,4,3
12,26,2,5,6,7,8,1,4,4,35,4,3,4,4,2,3,3,2,4,4,2,4,5,4,5,5,2,4,2,2,4,2,2,2,3,5,4,6,5,2,5,5,4,2,6,3
13,40,1,1,6,6,2,2,3,12,40,11,2,4,1,3,3,3,4,5,4,5,4,3,4,4,5,3,4,3,3,3,3,3,3,3,3,3,4,5,4,5,3,3,3,5,5
14,59,1,1,6,5,1,2,1,3,70,11,3,1,1,1,2,4,4,5,5,5,5,5,5,4,5,4,5,4,5,5,5,5,5,5,5,5,5,1,2,1,1,1,3,1,1
15,26,2,5,6,6,23,1,3,0,35,3,2,2,2,1,2,3,1,4,2,5,3,4,4,4,4,3,4,4,3,4,3,4,4,4,3,5,2,1,2,2,2,2,1,2,2
16,41,2,5,6,6,8,2,3,3,15,3,1,2,1,1,1,1,1,4,5,5,4,5,5,5,5,5,5,4,5,5,3,5,3,5,4,5,1,1,1,1,1,2,1,1,1
17,39,2,3,6,7,8,1,4,7,40,5,2,2,1,1,1,2,1,4,3,5,4,5,4,5,4,4,4,3,3,3,2,4,2,3,3,4,1,5,2,5,3,3,1,3,2
18,22,2,5,3,5,7,2,4,0,35,1,2,3,2,1,1,2,2,3,4,3,4,2,2,3,4,3,4,3,2,2,2,2,1,3,4,4,2,3,3,5,2,2,2,2,5
19,31,1,1,6,6,4,2,2,7,45,5,4,4,4,4,3,4,4,5,4,3,5,5,4,4,5,5,4,5,5,4,1,4,2,4,4,4,5,4,1,2,2,2,4,3,1
20,72,1,1,6,7,4,2,2,32,42,11,2,2,1,2,2,4,2,4,4,4,4,4,4,4,2,4,4,3,4,4,4,4,2,4,3,4,4,1,2,2,2,2,2,2,2
21,44,2,3,6,6,4,2,4,3,14,1,2,2,3,1,1,3,2,4,4,4,4,3,3,3,5,3,4,3,3,2,2,3,2,3,3,2,2,4,2,5,2,5,2,5,4
22,38,2,1,4,6,5,2,4,1,20,2,2,3,2,2,2,3,3,3,4,4,4,4,4,4,3,4,4,4,4,4,2,2,4,4,4,4,4,4,2,4,5,3,4,2,5
23,50,2,1,3,6,9,3,4,20,35,1,3,4,4,2,5,2,3,4,4,4,2,3,4,3,4,4,4,4,4,4,2,4,4,4,4,4,3,2,4,4,3,2,2,2,4
24,27,2,5,8,5,23,2,4,1,7,1,4,3,4,3,4,4,3,3,3,3,3,3,4,3,3,2,4,4,4,3,2,4,4,4,3,3,3,3,4,4,4,3,5,3,4
25,69,2,1,6,3,7,1,2,14,50,3,2,4,1,3,3,1,4,4,4,4,4,4,4,4,4,4,4,4,4,5,4,5,5,5,5,4,4,1,5,1,1,1,4,1,1
26,29,2,5,6,5,4,2,4,1,23,2,2,3,2,1,1,3,2,3,4,4,4,4,4,5,3,4,4,4,4,4,1,4,3,4,1,4,3,1,2,3,2,2,2,1,2
27,44,2,1,6,6,4,2,2,1,43,4,4,4,2,4,2,4,3,4,4,4,5,5,5,4,5,4,5,5,5,4,2,4,2,4,4,5,4,1,2,1,4,2,3,2,2
28,27,2,5,3,6,2,2,4,1,8,2,3,4,4,3,3,2,3,4,4,4,4,4,4,3,4,3,4,3,4,3,3,3,3,4,3,4,3,3,3,5,3,3,3,4,4
29,28,1,5,6,5,2,2,4,1,20,2,3,3,2,5,4,4,2,3,3,4,4,4,3,3,4,3,4,3,4,3,2,3,3,4,4,4,5,2,5,3,3,3,3,2,5
30,41,2,5,6,6,8,2,2,2,25,3,3,2,1,1,1,1,1,4,4,5,5,5,5,5,5,4,5,4,4,5,1,4,3,5,3,4,2,2,1,1,1,2,2,2,4
31,29,2,5,6,5,5,2,4,1,30,3,3,4,3,4,2,5,3,4,2,4,4,4,2,4,4,4,4,4,4,4,2,3,5,2,5,4,6,5,6,4,4,3,4,3,5
32,31,2,5,3,5,10,2,4,3,21,11,1,3,2,2,2,2,3,3,3,4,4,3,4,3,4,3,4,3,3,2,2,3,2,2,2,2,2,3,3,3,3,3,3,4,3
33,47,2,1,8,6,4,1,4,16,50,4,3,3,3,3,3,3,3,4,3,3,3,3,4,4,3,3,4,5,4,4,3,4,4,4,5,3,2,1,3,4,4,4,2,4,5
34,29,2,5,3,6,2,2,4,1,20,2,2,2,2,2,4,3,3,2,3,3,3,2,3,2,4,4,4,4,3,4,2,2,3,2,3,2,2,5,1,4,5,4,2,2,2
35,25,2,5,6,5,1,2,4,0,18,2,4,4,4,3,3,4,3,2,1,2,4,3,4,3,5,2,4,3,4,3,4,1,2,2,2,3,5,5,4,4,3,2,4,3,2
36,32,2,5,3,5,16,2,4,10,40,12,3,2,3,2,2,2,3,4,4,4,4,4,4,4,4,4,4,4,4,4,2,4,4,4,4,4,2,2,2,3,3,2,2,1,2
37,24,2,5,6,5,8,1,4,1,23,12,2,2,3,2,4,1,3,3,3,3,4,4,4,4,4,3,4,3,4,4,3,4,2,4,4,4,3,2,2,2,2,2,2,2,2
38,28,2,5,6,5,9,2,4,2,15,2,4,5,4,5,5,5,5,1,2,1,4,4,3,5,5,4,5,3,4,4,4,3,5,2,4,2,6,6,5,6,6,5,6,6,4
39,26,1,5,6,5,4,2,4,0,8,1,1,2,1,1,1,3,1,4,2,2,4,4,4,4,4,2,4,4,4,2,1,2,1,2,1,3,1,1,1,1,1,1,1,1,1
40,40,2,1,6,6,2,2,1,5,45,10,4,5,4,5,4,5,5,5,5,5,5,5,5,5,5,5,5,2,4,3,3,3,3,3,5,3,5,2,5,3,2,2,4,3,4
41,41,1,1,3,4,2,2,2,1,65,11,3,4,3,4,3,5,4,4,4,4,4,4,4,4,4,3,4,3,4,3,3,4,3,4,5,3,4,4,2,4,4,2,4,3,2
42,25,2,5,6,6,4,3,4,5,40,3,3,4,2,2,1,3,3,4,4,5,4,4,3,3,5,4,4,2,3,4,2,3,1,3,4,4,3,2,3,4,4,4,1,6,3
43,38,2,5,8,4,2,2,2,0,56,11,2,4,2,3,2,4,3,4,4,4,3,4,4,3,5,3,5,4,4,3,3,3,4,4,3,4,3,4,4,2,3,3,3,3,5
44,28,1,5,6,5,2,2,4,1,20,2,4,3,4,4,3,4,3,3,2,3,4,2,4,2,4,3,4,4,4,3,2,4,4,3,4,3,4,4,4,3,3,4,2,3,2
45,24,2,5,6,5,5,2,3,2,40,3,2,4,4,4,4,4,4,3,4,3,2,4,4,2,5,3,4,2,4,3,4,3,3,2,4,2,2,4,4,2,2,4,2,5,2
46,23,2,5,5,6,1,2,4,3,40,1,1,5,2,2,3,4,4,5,4,2,3,4,3,5,4,5,3,5,5,2,3,4,1,5,5,3,5,3,6,2,2,2,1,1,2
47,62,1,1,6,6,13,2,1,15,36,9,1,1,2,1,1,3,1,5,5,5,4,5,5,4,5,4,5,5,4,4,3,5,2,4,3,5,1,1,2,2,2,1,2,3,2
48,36,2,5,6,6,14,2,1,6,53,8,4,5,3,3,2,5,4,5,4,5,3,4,3,4,4,4,3,4,4,3,1,3,3,3,5,4,5,5,4,3,5,4,5,4,2
49,45,1,1,6,5,20,2,1,4,45,9,4,4,3,2,3,4,3,5,5,5,3,4,2,1,5,4,5,4,4,2,3,2,4,1,5,1,5,6,3,5,4,5,6,4,5
50,43,2,5,6,5,6,1,2,8,20,2,2,1,2,2,4,2,2,4,4,4,3,3,4,3,5,4,4,3,4,3,3,4,1,3,2,3,2,5,2,4,3,5,2,5,5
51,43,2,3,6,5,10,2,3,13,40,7,1,2,2,1,1,2,1,5,4,5,5,4,4,5,5,5,5,4,3,3,2,3,1,2,2,4,2,4,2,3,4,4,1,3,6
52,51,1,1,6,6,13,1,1,2,45,8,2,4,3,3,1,2,3,4,4,4,4,3,3,3,4,4,4,3,4,3,3,3,3,2,4,2,6,5,3,2,4,4,2,3,5
53,27,2,5,6,5,8,1,4,4,40,5,1,2,1,1,1,2,2,4,5,5,5,4,5,5,5,5,5,5,5,4,1,4,2,4,2,4,1,1,1,2,1,2,1,1,5
54,24,2,5,6,6,2,2,3,0,37,4,4,4,3,2,3,3,3,4,5,4,4,4,4,4,5,4,4,4,5,4,3,4,3,4,4,4,2,2,5,3,1,2,1,2,2
55,40,2,1,6,5,14,2,4,4,36,6,3,4,4,4,4,4,4,4,2,4,4,3,4,4,4,4,4,3,4,4,2,4,2,4,4,4,5,4,3,3,3,3,4,3,4
56,24,2,5,6,2,7,1,4,1,37,3,1,5,5,4,5,5,5,2,2,2,3,2,4,2,4,3,3,1,1,1,3,1,2,1,5,1,6,6,6,6,6,5,6,6,2
57,26,2,5,6,5,12,2,3,1,42,4,3,4,3,2,3,4,3,5,5,5,4,4,3,4,5,3,3,3,4,4,4,3,3,4,4,4,4,2,3,2,2,2,3,1,2
58,25,2,5,6,6,1,1,4,4,24,2,3,3,4,3,4,2,2,3,4,3,4,4,4,3,4,4,4,4,4,4,4,3,4,2,4,3,5,2,1,5,4,4,2,4,4
59,57,2,1,8,6,20,2,3,10,30,5,4,4,2,3,3,4,3,4,4,4,4,5,4,4,4,4,4,3,5,4,2,4,2,4,4,4,4,4,2,4,2,1,3,2,5
60,22,2,5,5,6,7,2,4,0,40,2,1,3,1,1,1,2,1,4,4,5,3,3,3,3,5,1,1,3,5,3,1,2,1,3,5,4,1,2,1,6,5,5,1,1,4
61,26,1,5,6,6,2,2,4,1,50,8,2,5,4,4,2,2,4,4,5,4,4,5,4,4,5,2,5,2,4,4,2,4,2,4,4,5,2,2,1,1,1,2,2,2,2
62,36,2,5,6,5,13,2,2,2,40,8,3,4,5,2,3,4,3,3,4,5,4,3,3,2,5,2,3,2,2,1,1,3,2,2,3,2,4,6,3,6,4,6,4,5,3
63,23,2,5,8,5,23,2,4,1,20,1,2,2,1,4,1,1,1,3,3,3,3,3,3,3,4,4,3,4,3,3,1,3,1,4,2,4,2,2,2,2,2,5,2,2,5
64,63,1,1,6,2,13,2,1,5,50,11,1,3,1,1,3,4,2,4,4,4,4,3,3,3,5,4,5,4,2,4,2,4,4,4,4,4,4,1,1,2,4,1,2,1,1
65,24,2,1,6,7,4,1,2,5,25,3,2,2,2,3,4,3,1,4,4,5,4,4,4,4,5,4,4,4,4,4,4,4,4,4,4,4,3,2,2,3,3,2,2,3,3
66,22,2,5,6,6,9,2,4,5,20,1,4,2,4,2,1,3,2,3,4,3,4,4,3,4,5,4,4,3,3,3,1,4,4,3,4,4,2,5,4,5,4,4,2,3,5
67,41,2,1,3,6,15,1,4,17,32,5,5,4,3,1,2,3,4,4,4,4,4,1,4,4,4,4,5,3,3,1,4,1,4,1,4,1,5,6,4,4,6,6,4,4,5
68,47,1,4,6,5,4,1,3,21,40,6,3,4,4,3,2,3,2,4,4,5,5,4,4,4,5,5,4,4,4,3,5,4,5,3,4,4,3,6,2,3,4,4,2,5,3
69,23,2,5,6,5,6,2,4,0,7,1,1,3,3,1,1,2,1,4,4,4,4,4,4,4,4,4,4,4,4,4,4,4,3,4,2,4,2,2,1,2,2,2,2,2,2
70,24,2,5,6,5,2,2,4,2,40,4,3,4,2,1,2,4,3,3,4,2,3,4,3,4,4,4,3,4,2,4,1,3,1,3,4,3,4,3,4,4,4,3,2,4,3
71,26,1,5,6,6,2,2,4,1,35,3,3,4,3,3,4,4,3,5,5,4,4,5,4,5,5,3,5,3,5,4,2,4,1,4,4,4,5,2,4,3,4,4,2,4,5
72,32,2,5,6,5,2,2,2,0,50,11,3,3,3,2,2,3,2,4,4,4,3,4,4,4,3,4,3,4,4,4,4,4,3,4,4,5,3,2,3,3,3,2,3,2,3
73,33,1,5,8,6,5,1,4,2,16,2,2,4,3,3,3,4,3,4,4,4,4,3,4,3,4,4,4,3,4,3,2,3,4,2,3,2,3,5,3,3,5,5,3,5,3
74,43,2,1,6,5,11,2,4,17,16,3,3,2,2,2,1,3,2,4,3,4,4,3,4,4,4,4,5,4,3,3,4,3,3,2,2,2,2,6,4,5,4,5,3,4,4
75,43,2,5,6,5,8,1,2,8,20,2,2,2,2,1,2,2,2,4,4,4,4,4,4,2,4,4,4,2,3,3,3,3,4,2,2,3,2,5,2,3,5,2,1,4,2
76,55,2,1,6,4,13,2,2,0,34,5,1,3,1,2,1,2,2,5,5,5,5,3,5,4,5,4,4,4,4,2,3,2,2,4,2,2,2,5,2,4,2,1,1,3,3
77,31,1,1,6,5,4,2,3,7,47,5,5,5,4,4,2,4,3,5,5,1,5,5,4,4,4,5,5,4,5,4,2,4,2,4,4,4,5,2,1,4,1,1,4,3,1
78,30,2,1,6,5,1,2,2,6,37,4,3,4,2,1,2,2,3,5,5,5,4,4,4,4,4,3,4,2,2,4,5,4,2,2,4,2,4,5,4,2,4,3,1,5,3
79,63,1,1,8,6,1,3,4,23,50,7,4,4,1,3,3,3,3,4,4,4,4,5,4,4,4,5,5,5,5,5,4,5,4,5,4,5,4,1,2,1,1,1,1,1,1
80,23,2,5,5,6,1,1,2,5,42,4,1,3,4,3,1,3,2,4,5,4,3,5,4,5,4,3,5,4,4,5,2,5,3,5,4,4,3,1,4,2,1,1,1,2,2
81,23,2,5,6,5,20,2,4,1,9,1,5,2,3,2,4,3,3,4,2,4,2,2,3,4,5,4,4,1,4,2,4,1,1,2,2,2,1,6,1,5,2,6,1,6,5
82,29,2,5,6,6,8,2,4,2,25,12,5,5,2,5,1,5,4,3,2,2,4,3,3,4,5,4,3,4,4,4,5,2,5,2,5,3,4,5,3,4,5,4,3,5,3
83,25,4,5,6,3,20,1,2,12,32,5,4,5,5,2,4,2,5,4,5,3,4,5,5,3,3,5,5,3,5,4,2,4,2,5,3,5,6,4,4,3,5,5,4,6,5
84,24,2,5,6,5,14,1,4,0,29,12,2,2,2,2,2,2,2,2,4,4,4,4,4,4,4,4,4,4,4,4,4,4,4,4,4,4,3,2,3,2,3,3,3,3,2
85,41,2,5,6,6,2,2,2,15,40,7,2,4,4,2,3,4,4,2,2,2,4,2,3,2,5,2,4,2,1,2,1,2,1,2,4,2,2,5,5,4,5,5,5,5,6
86,36,2,5,6,5,13,2,2,2,40,7,5,5,5,3,4,5,4,4,5,5,4,4,3,3,5,3,4,3,4,3,1,2,3,2,2,3,3,4,5,6,5,4,4,5,2
87,55,2,1,3,5,10,3,3,3,25,1,2,3,1,1,2,2,1,5,5,5,5,4,5,4,5,4,5,5,4,5,2,5,4,5,4,4,1,1,1,2,1,1,2,1,2
88,23,2,5,6,3,14,2,4,0,8,1,2,2,3,2,1,2,2,4,2,4,4,2,4,2,4,4,3,3,3,2,4,2,2,2,2,2,2,5,2,5,3,4,2,5,4
89,25,2,5,6,6,23,3,4,4,20,1,1,2,3,1,1,1,4,2,3,3,3,2,3,3,5,4,3,1,4,3,3,4,1,2,4,3,2,4,2,6,5,5,3,4,4
90,22,2,5,6,5,2,2,4,1,45,3,3,2,3,1,1,2,1,4,4,3,4,4,4,4,4,4,3,5,4,4,1,4,2,5,4,4,2,1,2,3,2,3,1,1,1
91,45,2,1,3,7,4,1,1,22,40,5,3,5,3,3,4,4,3,4,4,5,5,4,4,4,5,3,4,4,4,4,3,4,2,4,3,3,4,2,1,1,2,2,1,2,2
92,31,2,5,6,6,6,1,4,2,43,2,3,5,1,1,3,5,1,5,5,5,5,3,5,3,4,3,4,3,5,4,3,5,3,5,4,4,3,1,3,2,3,3,1,1,3
93,22,1,5,6,3,23,2,4,3,10,12,2,3,2,1,1,1,1,5,4,4,4,4,3,3,5,5,4,3,3,4,4,5,5,4,2,3,2,3,1,3,3,2,2,4,3
94,43,1,1,6,5,23,1,2,19,45,5,4,4,1,1,1,3,3,4,5,4,5,3,5,3,5,5,5,3,5,2,5,1,5,2,4,3,5,6,4,4,5,1,3,5,2
95,21,1,5,3,5,23,2,4,0,10,1,5,4,4,5,5,4,5,3,3,4,3,4,2,5,4,3,5,2,3,3,3,5,5,2,4,4,6,5,6,6,6,6,5,6,5
96,39,2,5,6,6,13,2,4,11,40,5,4,4,3,3,4,4,4,1,2,4,3,3,3,3,2,3,3,3,3,1,2,1,3,1,4,1,4,6,5,3,3,4,4,6,6
97,48,2,1,6,1,13,3,3,21,33,3,3,4,4,3,2,3,3,4,3,4,3,3,4,2,4,3,3,4,4,4,4,3,4,4,4,4,3,3,4,4,3,3,3,3,3
98,24,2,5,6,5,14,2,4,1,20,12,2,3,4,3,1,3,4,2,2,2,4,4,5,5,5,4,5,2,2,2,1,1,1,1,3,1,2,6,5,6,6,5,4,6,5
99,26,2,5,6,5,13,1,2,4,55,3,3,4,3,4,4,4,4,4,5,4,5,5,5,5,5,4,5,4,5,3,2,3,4,4,4,4,3,2,2,5,4,2,2,5,5
100,41,2,5,6,6,2,2,2,10,25,4,1,2,1,1,1,2,1,5,5,5,5,5,5,5,5,5,5,5,5,5,3,5,3,5,2,5,1,1,1,1,1,1,2,1,1
101,25,2,5,6,5,13,2,4,1,20,1,4,3,1,1,3,2,1,4,4,3,4,4,4,4,3,4,4,5,4,3,2,4,4,3,4,3,3,2,2,2,2,2,2,2,2
102,39,2,3,6,7,4,1,4,7,40,5,3,2,2,1,1,2,1,4,3,4,4,5,5,4,4,4,4,3,4,2,4,4,1,3,1,2,1,6,1,4,4,5,1,5,3
103,22,2,5,6,6,8,1,4,1,40,3,2,3,1,1,2,2,1,4,4,4,4,4,4,4,5,4,3,5,4,4,5,5,3,4,4,5,3,1,2,1,1,1,2,1,1
104,36,2,1,6,6,4,1,4,2,37,4,5,3,4,3,3,4,4,4,4,4,4,4,4,4,4,4,4,4,4,4,2,4,2,4,3,4,1,2,2,2,2,4,5,2,2
105,37,2,1,6,6,13,1,2,1,38,6,1,3,1,1,1,2,1,5,5,5,4,5,5,5,5,4,3,4,5,4,2,5,1,4,4,5,4,1,1,2,2,3,1,2,1
106,32,1,5,3,7,4,2,4,2,37,4,2,3,2,4,1,2,2,5,5,5,5,5,5,5,5,5,5,5,5,5,1,5,1,5,1,5,1,1,1,1,1,2,1,1,6
107,30,2,5,6,5,8,2,1,50,34,5,3,5,4,5,4,4,4,5,4,5,4,4,4,4,5,5,5,3,5,4,2,4,1,4,1,4,3,3,5,5,4,3,2,4,6
108,20,2,5,3,2,20,2,2,1,38,1,4,3,4,3,4,4,3,4,3,4,4,2,4,3,4,3,4,4,4,1,3,2,3,3,4,3,4,6,5,2,2,4,4,4,2
109,25,2,5,3,2,10,2,2,1,39,1,1,4,1,4,3,3,1,3,3,3,3,3,3,4,2,4,4,2,3,2,4,3,2,3,4,4,5,2,4,6,3,4,3,4,5
110,23,1,4,3,3,5,1,2,30,51,9,4,5,5,5,4,4,5,5,4,5,5,5,4,5,4,5,4,5,4,4,4,4,5,5,5,5,6,5,6,5,5,5,6,6,6
111,22,2,5,3,5,1,1,4,0,20,1,4,3,2,1,5,4,3,4,4,5,4,2,5,4,4,4,5,5,3,4,4,4,3,5,4,4,5,2,5,1,2,1,4,3,2
112,28,1,5,6,6,20,2,4,1,30,3,1,1,3,1,2,2,1,4,3,3,4,4,4,4,5,2,4,2,4,3,1,3,4,3,3,4,1,1,1,3,2,2,1,1,1
113,24,2,5,3,6,5,1,4,2,45,4,4,4,2,2,1,3,3,4,4,4,5,4,5,4,4,3,4,5,4,3,2,3,4,3,4,4,2,2,4,4,4,4,2,3,4
114,24,2,5,6,5,4,2,4,2,5,1,3,3,1,1,1,1,2,1,2,1,4,3,4,4,5,2,4,2,3,4,4,2,1,4,4,2,1,4,2,3,3,2,1,4,3
115,23,2,5,3,5,10,1,4,1,46,1,2,3,1,4,4,3,4,3,3,2,4,2,4,4,4,4,4,4,4,3,3,4,3,4,2,3,4,2,5,5,4,3,5,4,5
116,27,2,5,3,6,4,1,4,4,57,9,5,5,5,5,5,5,4,2,4,3,4,2,5,4,4,5,4,5,4,3,5,4,5,4,5,4,5,5,5,4,5,6,5,5,2
117,48,2,5,6,6,13,1,1,12,50,11,4,5,3,1,4,5,5,5,4,5,4,4,4,3,5,4,5,2,2,2,2,3,2,2,4,2,4,6,5,6,6,6,5,6,2
118,42,2,1,6,5,13,2,1,4,38,12,3,4,1,2,1,4,2,4,3,4,5,4,4,3,5,5,4,4,4,4,1,3,4,4,5,4,6,5,4,3,4,2,1,4,2
119,24,2,5,8,6,2,2,4,1,45,5,3,3,1,2,3,2,3,4,4,4,4,5,5,5,4,4,4,4,5,5,3,5,3,5,5,5,4,1,2,1,1,1,1,2,1
120,28,2,5,3,5,2,1,3,4,45,2,4,3,4,4,4,3,3,4,4,4,4,4,4,4,4,4,4,4,4,4,3,4,4,4,4,4,4,4,2,5,2,3,4,4,3
121,41,1,1,6,6,7,2,2,7,49,6,1,3,1,1,2,3,2,5,4,5,5,4,5,4,4,5,5,4,4,4,2,4,2,4,5,4,4,2,4,2,2,2,2,4,4
122,29,2,5,3,6,2,1,2,1,50,5,3,4,3,3,3,4,2,4,3,4,3,3,4,4,4,3,4,4,3,4,3,2,3,4,2,2,3,5,4,4,4,4,3,4,3
123,23,1,5,2,6,2,2,2,2,39,4,4,4,3,3,3,3,4,4,4,5,4,5,4,3,4,5,5,4,4,3,4,4,3,,4,3,4,1,4,4,4,5,5,6,6
124,33,2,5,6,5,4,1,4,1,55,4,5,3,4,4,3,3,3,4,2,2,4,4,4,4,4,3,4,4,4,4,1,3,2,4,5,4,4,3,4,2,4,2,4,3,2
125,25,2,5,6,6,20,1,4,2,19,5,4,4,3,4,3,5,5,4,3,4,4,4,4,4,3,3,4,4,3,4,1,3,1,4,4,4,4,3,4,4,4,3,3,3,3
126,22,2,5,3,5,9,1,4,3,8,1,3,3,3,2,2,4,4,3,2,4,2,4,2,4,3,3,3,3,2,3,1,3,2,2,4,2,1,3,1,4,4,4,2,1,1
127,30,2,5,6,6,14,1,4,1,30,2,4,5,4,4,5,5,5,5,5,5,4,4,3,4,5,4,5,5,5,4,2,5,1,4,2,5,2,2,4,2,2,2,1,5,1
128,66,1,1,6,5,23,3,1,10,20,5,3,3,1,2,3,2,2,5,5,5,3,5,4,5,5,4,4,4,4,4,5,4,3,4,2,4,1,1,3,2,2,3,1,4,3
129,48,2,4,6,5,2,2,2,5,44,10,1,2,3,1,2,2,2,4,4,3,4,4,4,4,5,3,4,3,4,3,3,3,2,4,4,4,3,2,4,3,2,2,2,2,2
130,28,1,1,6,7,8,1,4,3,32,3,1,2,4,1,2,1,1,5,4,5,4,4,4,5,4,5,5,4,4,3,5,4,2,3,2,3,1,5,1,5,2,5,1,4,2
131,43,1,5,3,6,2,2,4,4,45,2,2,2,1,1,2,3,2,3,3,3,3,2,2,4,4,3,4,4,4,3,2,2,4,2,3,3,4,4,2,5,2,2,2,2,2
132,36,1,5,8,6,23,2,2,15,22,1,3,3,3,3,3,3,3,3,4,3,4,3,4,3,3,4,3,3,2,4,4,4,3,4,3,3,2,4,4,2,3,4,3,3,4
133,40,2,1,6,6,8,2,1,1,36,8,3,2,1,3,1,3,4,5,5,5,4,4,4,4,5,4,4,4,4,4,3,4,1,4,3,4,3,2,2,2,1,2,1,2,2
134,38,2,5,8,6,5,1,3,12,37,5,2,1,2,1,2,2,2,3,3,4,3,2,3,3,4,4,4,2,4,4,4,3,2,2,2,3,2,5,2,3,5,5,2,4,4
135,23,2,5,6,5,7,2,4,2,16,2,2,2,2,2,2,4,2,3,2,2,2,4,2,3,5,2,4,2,2,1,3,1,5,1,2,1,3,6,5,6,5,3,3,6,5
136,26,2,5,2,5,23,2,4,5,40,4,2,4,4,3,2,4,4,1,2,1,4,3,3,4,4,2,4,3,2,3,2,3,1,2,4,3,5,5,3,5,4,4,4,5,3
137,28,2,5,6,5,9,2,4,2,15,2,2,4,2,4,4,4,5,4,2,1,4,4,4,5,5,4,5,2,4,4,4,1,5,2,5,2,5,6,5,6,6,6,5,6,6
138,26,2,5,6,6,1,2,4,2,37,2,3,4,4,4,3,4,3,2,4,3,4,3,4,3,4,3,5,3,4,4,5,5,3,4,4,4,5,2,3,2,5,2,3,2,4
139,42,2,5,6,6,13,2,2,2,40,3,2,2,2,2,1,4,1,5,4,5,5,4,4,4,5,5,5,4,5,5,3,4,3,4,5,4,1,3,1,2,2,3,1,2,4
140,56,1,1,6,6,13,2,1,5,50,11,3,4,4,5,4,4,3,5,5,5,5,4,4,4,5,4,5,4,4,4,4,4,5,4,4,4,4,2,5,4,4,2,4,2,4
141,23,2,5,6,5,9,1,3,6,28,2,2,4,2,3,2,4,4,4,4,4,4,4,4,4,3,4,4,3,2,4,4,4,4,4,5,2,3,5,2,4,5,3,5,4,2
142,44,1,1,6,5,2,2,1,3,40,10,2,4,3,3,3,4,4,5,5,4,4,4,4,3,5,3,4,3,4,4,2,4,2,3,4,4,3,2,4,4,3,4,1,3,2
143,23,2,5,6,5,14,2,4,2,60,3,3,4,5,4,4,4,4,3,3,3,4,3,4,4,4,2,3,3,2,1,4,2,2,2,5,1,5,6,4,6,5,5,5,5,5
144,36,1,5,2,3,20,2,2,7,50,6,3,4,1,3,4,5,2,4,4,4,4,4,4,4,4,3,3,4,2,5,2,5,3,4,4,4,2,2,2,2,2,2,2,2,3
145,35,2,1,8,6,4,3,4,1,20,1,4,2,3,2,2,4,4,4,4,4,3,4,4,4,3,3,4,4,4,4,4,4,2,4,4,4,4,3,4,2,3,3,2,3,2
146,24,2,5,6,5,23,1,4,0,30,4,4,2,2,1,4,2,2,3,3,3,4,4,3,4,5,4,3,4,4,4,3,5,2,3,4,4,3,2,3,2,3,2,2,4,2
147,58,1,1,6,6,13,2,4,5,20,6,4,2,2,3,2,4,2,4,5,4,3,4,4,5,4,4,4,3,4,4,5,4,4,4,3,4,4,2,3,3,2,3,2,4,2
148,22,2,5,6,6,5,1,4,1,20,2,3,4,3,4,3,4,4,3,4,4,4,4,3,4,4,4,4,4,3,3,3,3,4,3,4,3,4,2,4,3,4,3,4,3,3
149,22,2,5,6,5,1,2,4,1,40,3,4,4,2,4,4,4,2,3,4,4,3,4,4,3,5,4,4,4,4,4,3,2,5,3,5,4,6,3,4,3,4,4,2,2,2
150,38,1,1,6,5,18,2,4,15,45,10,3,3,1,2,3,3,3,5,5,5,5,5,5,5,5,5,5,5,5,5,3,5,2,5,5,5,5,1,5,1,1,1,4,1,1
151,32,2,5,6,5,1,1,4,1,36,5,2,3,3,3,1,4,3,4,4,3,4,4,4,4,5,3,4,4,4,5,3,4,4,4,4,4,4,2,4,2,4,3,4,3,3
152,25,1,5,6,3,1,1,4,2,50,3,4,4,5,4,3,4,4,1,3,2,3,2,1,1,1,3,3,3,2,4,5,4,4,3,5,3,5,4,5,6,6,5,5,5,5
153,30,2,1,6,7,4,1,4,3,36,5,2,4,4,2,4,3,4,4,4,5,4,4,4,4,5,3,4,2,4,4,2,5,2,4,4,5,3,1,2,2,1,1,1,2,1
154,58,1,3,6,7,4,1,4,3,18,1,4,3,3,2,1,3,4,4,1,4,4,3,4,3,4,3,4,2,3,4,1,3,4,2,3,3,4,2,2,4,3,4,1,3,3
155,22,2,5,6,6,5,2,4,3,30,1,4,2,2,1,2,2,1,3,3,4,2,2,3,2,3,4,4,3,4,2,2,3,2,4,3,3,2,2,2,4,3,2,2,2,2
156,23,2,5,6,5,20,2,4,1,8,1,3,3,2,1,3,2,2,2,2,4,4,3,4,5,4,2,4,1,5,1,4,1,2,2,2,2,1,6,1,6,4,6,1,6,5
157,34,2,5,6,6,1,2,2,1,45,7,2,4,3,3,4,4,3,3,4,4,3,3,3,2,3,3,2,4,4,4,4,4,2,4,4,4,3,4,2,2,3,4,2,4,4
158,21,2,5,3,5,9,2,4,1,20,2,2,4,3,2,3,2,1,3,2,3,2,4,3,3,3,4,4,4,3,2,4,2,3,1,4,2,5,2,3,2,3,3,5,4,4
159,60,2,1,6,3,1,3,3,33,40,4,3,4,2,3,3,3,2,4,4,3,4,4,4,4,4,3,4,2,4,4,4,4,4,4,4,4,4,1,3,2,1,1,2,1,1
160,21,1,1,3,2,13,1,3,9,18,4,4,5,5,4,4,5,4,4,4,5,4,4,4,5,4,5,5,5,4,4,5,4,5,5,4,5,5,5,4,4,6,5,6,4,6
161,21,2,5,6,2,4,3,4,3,4,1,3,4,3,3,3,3,3,5,4,5,3,3,3,3,5,4,5,3,3,4,4,4,4,4,3,4,3,2,2,4,3,3,2,3,3
162,31,2,1,6,5,2,2,4,2,30,2,3,3,3,3,2,3,1,4,4,4,3,4,4,3,4,3,4,5,4,2,3,3,1,3,3,3,2,2,2,4,4,3,2,3,3
163,24,2,5,6,5,7,2,4,4,18,1,4,4,2,2,1,2,1,4,3,4,4,2,4,2,4,4,2,4,2,1,3,1,1,1,4,1,1,6,1,6,5,4,2,6,1
164,42,3,2,3,1,15,3,4,29,10,2,3,3,3,3,3,3,3,3,3,3,3,3,3,3,3,3,3,3,3,3,3,3,3,3,3,3,3,4,3,4,3,4,3,3,4
165,39,2,1,6,5,22,2,3,5,20,2,2,2,1,2,2,3,2,4,4,4,4,2,4,4,5,4,4,3,5,2,2,2,3,2,4,2,2,6,1,6,3,4,3,5,3
166,39,2,1,6,7,1,1,4,10,23,4,4,3,3,2,3,4,3,4,4,4,4,4,4,3,4,4,4,4,4,4,3,4,4,4,4,4,4,2,4,4,4,3,3,3,3
167,22,2,5,3,5,4,2,4,1,6,1,2,2,2,2,3,1,1,4,4,3,2,3,4,4,3,4,4,4,4,3,1,3,4,3,1,4,1,3,2,2,2,4,1,3,1
168,32,1,5,6,5,1,1,4,5,48,5,2,1,2,1,1,1,2,4,4,4,4,4,4,4,5,4,4,2,4,4,4,4,2,4,4,4,4,4,2,4,3,3,3,4,3
169,25,2,5,6,5,1,1,4,1,37,3,1,2,1,1,1,1,1,2,1,1,4,4,4,4,5,3,4,4,4,5,1,4,1,5,4,5,1,1,1,3,2,1,1,1,3
170,34,1,5,6,6,9,2,4,5,46,2,2,4,4,3,3,4,4,4,2,2,2,4,2,2,4,3,2,3,3,2,1,3,3,,5,2,4,3,4,4,5,3,5,4,2
171,53,2,1,6,3,2,2,2,4,34,5,4,4,3,3,3,4,2,4,4,5,4,4,4,4,4,3,4,3,3,2,2,4,4,3,5,4,4,2,5,5,5,4,5,5,5
172,29,2,5,3,6,4,1,3,1,51,12,4,4,4,4,4,4,4,4,4,4,4,4,3,4,4,4,4,4,4,3,3,3,3,2,3,2,5,5,5,5,5,5,5,5,5
173,28,2,5,6,6,13,2,4,1,40,1,3,3,3,3,3,2,2,4,4,4,3,4,4,4,3,4,4,4,4,4,2,4,4,4,3,4,2,1,3,2,2,2,2,4,3
174,34,3,5,6,5,5,2,4,8,35,1,1,2,1,2,1,3,5,1,2,3,2,1,1,1,4,1,1,1,1,1,1,2,2,1,5,1,3,6,5,4,5,5,5,5,4
175,27,1,5,3,6,23,2,4,2,44,4,2,4,4,2,4,3,3,4,3,4,4,4,4,4,4,4,4,4,4,4,4,4,2,4,4,4,2,2,2,5,4,5,2,5,5
176,30,1,5,6,6,5,3,3,4,40,1,4,3,5,3,3,4,5,3,2,3,4,2,4,4,4,3,3,2,3,3,4,3,3,4,4,3,4,3,4,4,4,2,4,4,4
177,32,2,5,6,5,4,2,4,1,3,1,1,1,1,1,1,1,1,3,1,5,4,3,3,4,1,4,4,4,3,4,4,4,2,4,2,4,1,1,1,1,1,4,1,4,5
178,43,1,1,2,6,20,1,2,5,40,10,2,2,3,1,1,2,2,4,4,4,4,4,4,4,4,4,3,4,4,3,2,4,3,3,2,4,2,2,2,2,2,4,2,2,2
179,26,2,5,2,6,2,2,2,1,3,3,4,5,4,4,3,5,5,4,3,3,5,5,5,4,4,4,4,5,4,4,4,3,5,5,5,4,5,5,6,4,5,5,4,4,6
180,34,2,5,6,6,4,2,4,5,40,3,3,5,4,5,3,4,3,5,1,5,3,5,3,4,5,4,4,2,4,4,1,4,2,4,5,4,5,2,2,2,5,5,5,2,3
181,28,2,5,4,6,20,2,4,1,40,5,3,3,1,1,2,1,1,4,4,5,4,5,4,4,5,5,4,5,3,4,3,3,3,3,1,5,1,1,1,3,1,1,1,1,3
182,37,2,5,3,6,13,1,3,8,43,1,4,3,4,4,3,4,4,3,4,5,4,4,4,4,5,3,4,4,4,3,3,5,3,3,4,3,4,5,5,5,5,5,4,5,4
183,25,2,5,8,5,7,2,4,4,5,1,3,5,3,4,1,5,4,4,2,2,4,5,4,2,5,3,2,1,3,2,1,1,2,2,1,2,1,6,4,6,6,5,4,6,2
184,44,1,1,2,6,23,2,4,9,48,8,3,3,2,1,1,3,2,4,4,4,4,4,4,4,4,4,4,4,3,4,2,3,2,4,3,4,4,3,1,2,2,2,1,2,3
185,40,1,1,6,5,4,2,4,1,40,4,4,4,5,5,4,4,5,4,4,4,4,4,5,5,4,5,3,4,4,4,1,2,2,4,3,4,2,2,2,3,4,3,2,3,1
186,44,2,1,6,6,5,3,1,2,100,2,5,5,4,4,4,4,4,4,4,5,4,2,4,2,2,3,5,4,4,4,5,4,4,4,5,4,4,3,5,5,5,4,4,4,4
187,22,4,3,3,3,9,2,3,36,96,4,1,1,2,3,2,1,1,4,4,4,4,4,4,4,4,4,4,4,4,5,4,5,4,5,5,4,5,2,3,4,3,6,5,3,3
188,34,1,5,3,7,4,1,3,4,30,5,4,5,5,4,3,4,3,5,5,5,5,4,4,4,5,4,5,4,3,3,3,4,3,3,5,4,5,4,2,4,5,4,3,4,5
189,26,2,5,6,5,7,1,3,4,30,3,3,3,3,3,3,4,4,2,3,4,4,3,4,3,4,3,4,3,4,2,2,4,2,3,4,4,4,4,3,4,4,3,3,2,2
190,23,1,5,6,5,2,2,4,1,37,4,1,1,1,1,1,1,1,4,4,5,4,4,4,4,5,4,5,4,4,4,2,4,2,4,3,4,2,1,1,4,1,2,1,2,2
191,22,2,5,6,5,10,1,4,1,45,12,2,3,1,2,2,3,1,3,3,3,4,4,4,4,4,3,4,4,4,4,2,3,3,4,3,4,1,2,2,2,2,2,2,2,2
192,22,2,5,3,6,23,2,4,0,20,1,1,1,3,1,3,3,1,3,5,5,3,4,3,4,3,3,4,4,3,2,3,2,4,4,3,3,4,4,4,5,4,4,4,4,4
193,23,1,2,3,3,16,1,2,15,37,11,1,3,3,4,2,5,4,4,3,4,3,2,3,4,2,1,1,5,2,1,3,4,4,2,5,3,4,3,5,5,3,1,4,2,6
194,43,2,1,8,5,4,1,4,1,22,2,1,1,2,3,1,1,1,5,5,5,4,5,3,5,5,3,3,5,4,4,4,3,4,4,3,4,1,1,1,1,1,1,1,1,4
195,30,2,5,3,5,23,1,4,1,20,4,5,4,5,5,4,3,5,4,4,4,4,2,4,4,4,5,4,4,4,4,3,3,3,4,3,4,3,5,5,3,5,3,6,4,3
196,22,2,5,6,5,2,1,4,1,40,12,2,3,1,2,2,1,1,2,3,2,3,4,4,4,4,3,4,4,4,4,2,3,3,4,3,4,2,2,2,2,2,2,2,2,2
197,25,2,5,5,6,8,2,3,3,35,4,3,4,4,2,3,3,4,4,4,4,4,4,4,4,4,3,4,3,3,2,3,2,4,2,4,2,4,5,3,5,5,5,3,5,5
198,24,1,5,3,5,2,2,4,1,20,1,2,1,2,2,2,2,3,2,3,2,2,4,2,2,2,4,2,3,2,5,,4,1,5,4,5,2,6,1,2,6,6,2,2,5
199,33,1,5,4,6,7,2,3,10,40,2,1,4,1,3,3,4,1,4,4,4,4,4,5,4,4,3,3,4,4,,3,4,4,3,4,2,3,2,1,3,3,3,1,1,3
200,41,2,1,6,5,23,1,2,17,40,8,1,3,2,3,1,3,4,5,4,5,3,3,4,4,4,2,4,2,3,3,4,3,4,2,3,2,4,4,4,5,3,4,4,4,1
201,48,1,5,6,5,7,2,4,7,39,3,2,2,2,2,3,2,2,1,1,2,1,1,1,4,1,1,1,3,1,4,1,4,4,3,3,1,2,6,2,3,1,3,2,2,1
202,29,1,1,6,3,13,1,3,1,40,5,4,3,1,1,1,4,3,5,5,4,4,4,4,4,4,4,5,4,5,4,3,4,2,4,3,4,4,3,1,3,2,1,1,2,2
203,36,2,1,3,6,5,2,4,11,40,6,2,5,1,5,1,5,5,5,5,5,5,4,5,4,5,5,5,5,4,4,5,5,3,4,5,4,5,2,2,1,5,1,5,5,3
204,31,2,5,3,6,4,2,4,1,20,1,3,3,4,2,4,4,3,4,4,4,4,2,4,3,4,4,5,4,4,4,2,3,3,4,4,3,2,4,2,4,2,4,2,2,2
205,27,1,5,6,5,4,2,4,1,18,2,2,4,3,3,2,2,3,2,2,3,3,2,2,3,4,1,3,2,2,3,4,4,3,3,2,3,4,4,4,4,4,2,4,4,4
206,41,2,5,6,5,2,1,4,5,37,12,5,3,3,2,2,4,3,2,1,2,5,2,5,3,5,4,4,4,4,2,2,2,1,2,4,2,5,6,5,5,5,5,5,5,5
207,37,2,5,6,7,4,1,3,3,45,5,3,4,4,4,3,5,4,4,4,3,4,3,4,4,4,3,4,3,4,3,4,2,2,2,5,3,6,6,6,4,6,4,6,6,5
208,24,2,5,6,5,2,2,4,1,32,2,3,4,3,4,4,3,3,4,4,4,4,4,4,4,4,3,4,4,4,4,4,4,3,4,4,4,3,2,3,3,3,3,3,2,3
209,28,1,5,6,5,13,2,4,7,40,4,3,4,1,2,2,3,4,4,2,4,3,4,4,4,5,3,4,3,4,2,3,4,4,3,4,2,4,4,2,3,2,2,1,2,2
210,23,2,5,6,5,7,3,3,2,20,12,3,4,1,1,3,4,2,2,3,2,4,4,3,4,4,4,4,4,4,4,2,4,3,4,3,4,2,2,2,2,2,2,3,2,2
211,32,1,5,3,5,23,2,4,8,39,2,2,4,4,1,1,2,3,4,2,4,4,4,4,4,4,2,4,3,4,3,3,5,1,4,3,4,2,4,2,4,4,6,2,5,5
212,48,2,1,6,6,8,2,1,0,40,8,2,3,4,1,1,3,3,5,5,4,5,5,5,5,5,4,5,4,5,5,5,5,1,5,5,5,2,1,1,1,1,1,1,1,1
213,24,4,5,7,6,20,3,4,1,40,12,2,4,4,4,4,4,4,4,2,4,4,4,4,4,4,2,4,2,4,2,2,1,1,2,2,2,4,5,2,5,2,2,5,2,2
214,33,1,5,5,6,13,2,3,6,50,2,3,3,3,3,4,3,3,3,3,3,3,4,3,4,3,3,3,3,3,,3,3,4,3,4,4,4,4,4,4,4,4,4,4,4
215,33,2,5,3,4,1,1,4,1,28,7,2,2,1,2,4,4,4,4,2,2,3,3,4,3,2,2,4,4,4,4,2,4,3,3,2,4,2,4,2,5,4,5,1,4,4
216,42,2,5,6,5,4,1,4,2,10,4,3,1,1,1,1,2,1,2,2,2,2,3,4,4,4,2,4,4,3,4,2,4,2,4,2,4,1,2,2,2,1,1,2,2,2
217,23,2,5,6,5,13,2,4,0,40,2,3,2,3,2,1,1,1,4,3,4,4,4,4,4,5,4,4,4,4,4,2,4,3,5,4,4,2,1,1,2,2,2,1,2,2
218,23,2,5,6,5,5,2,4,2,24,2,3,4,3,3,3,4,4,4,2,1,4,4,4,4,4,4,4,4,4,3,4,2,4,2,4,2,4,6,4,5,5,2,2,4,1
219,29,2,1,6,6,4,1,4,5,40,3,4,4,4,5,5,5,4,4,4,4,4,5,4,5,5,3,4,4,3,4,1,3,2,3,5,4,6,3,6,5,3,3,5,4,4
220,29,2,5,3,6,2,2,3,1,20,12,2,3,2,3,4,2,4,2,2,2,4,2,3,2,4,3,4,4,4,3,2,3,3,4,2,2,2,4,2,3,2,2,2,2,2
221,33,2,5,6,5,10,1,4,8,15,4,2,2,1,2,3,3,2,5,5,5,4,5,5,5,5,4,5,4,5,5,5,5,5,5,1,5,1,1,1,1,1,1,1,1,1
222,31,2,5,6,6,23,2,2,0,43,9,1,2,1,1,2,2,1,5,5,5,5,5,5,5,5,5,5,5,5,5,4,5,2,5,4,5,1,1,1,1,1,1,1,1,1
223,26,2,5,4,6,7,2,2,1,50,3,4,5,5,3,1,5,4,5,5,4,5,5,4,5,5,2,2,5,5,5,5,5,5,5,5,5,6,6,6,6,6,6,2,2,6
224,28,2,5,7,7,7,2,4,1,39,5,2,2,2,2,2,2,2,2,3,3,3,4,3,3,2,2,2,3,3,4,4,4,4,4,4,4,2,2,2,2,2,2,2,2,2
225,23,2,5,6,5,2,2,4,1,13,12,2,3,1,1,3,2,2,4,4,4,4,4,4,4,4,4,4,4,4,4,3,4,4,4,4,4,2,2,2,2,1,2,3,3,1
226,19,1,5,6,2,7,2,4,1,15,1,5,3,2,1,1,3,1,3,2,3,3,2,4,3,4,1,1,2,4,1,1,2,2,1,4,2,2,5,1,4,1,5,2,5,2
227,28,2,5,6,3,6,1,1,7,50,12,5,5,5,5,4,5,4,5,5,5,5,5,4,3,4,3,5,4,5,4,4,5,3,4,5,4,6,3,6,4,5,1,6,5,5
228,29,2,1,8,5,13,2,2,3,40,4,3,2,1,1,1,2,1,4,4,4,4,4,3,4,4,4,4,4,3,3,2,3,2,4,3,3,3,5,3,3,4,4,2,3,4
229,27,1,5,2,6,2,1,4,2,4,4,4,4,4,4,4,4,4,4,3,4,4,4,3,3,4,3,4,4,4,4,4,4,2,4,2,2,5,5,5,5,4,4,4,4,5
230,23,2,5,7,6,2,2,3,1,16,1,2,3,1,3,2,1,2,5,5,5,5,5,5,5,5,5,5,5,5,5,5,3,5,5,3,5,1,1,4,1,1,1,1,1,1
231,56,2,1,6,1,11,3,4,41,20,1,3,3,3,4,2,3,3,4,4,4,4,4,4,4,4,3,4,4,4,4,2,3,4,4,4,4,2,2,3,2,2,2,2,3,2
232,36,2,5,6,5,21,1,4,15,36,5,2,3,3,1,1,3,2,4,4,4,4,4,4,4,5,4,5,2,3,4,4,4,2,4,4,3,4,4,2,4,3,4,2,4,5
233,26,1,5,3,6,10,1,4,1,30,1,2,4,4,3,1,2,1,3,4,4,4,2,3,3,4,4,4,4,5,4,2,2,5,4,2,3,2,2,2,3,2,2,2,2,2
234,27,2,1,6,6,11,1,4,2,50,6,2,3,3,2,2,3,3,4,4,4,4,4,4,4,4,3,4,3,4,5,3,4,3,4,4,4,3,2,4,2,2,2,2,2,5
235,22,2,5,6,5,9,1,4,1,20,1,5,3,3,1,3,3,3,1,2,2,2,4,3,2,5,2,4,3,1,1,2,3,1,2,5,1,2,5,4,4,5,4,2,4,3
236,24,2,5,3,5,7,1,4,1,24,5,2,1,2,1,2,1,1,4,3,4,4,3,4,4,3,4,3,4,4,5,3,4,1,5,3,4,1,1,1,2,2,2,1,1,2
237,44,1,1,6,6,4,1,4,3,37,2,3,3,3,3,3,3,3,4,4,5,4,4,4,4,5,3,3,4,4,4,4,4,4,5,3,3,3,2,1,3,1,2,2,1,2
238,23,2,5,6,6,9,1,2,2,20,2,4,5,4,3,5,3,3,4,3,4,4,4,4,4,4,4,5,4,4,2,2,2,4,4,3,2,3,4,4,5,4,2,3,5,4
239,26,2,5,3,6,2,1,4,2,39,8,4,4,4,3,3,3,3,4,4,3,4,3,4,3,4,3,5,4,4,3,3,3,4,3,4,2,4,4,4,5,2,4,4,4,3
240,25,1,5,6,6,4,2,3,38,47,7,5,4,4,2,4,5,5,4,4,3,4,3,4,4,3,4,4,4,3,4,3,3,4,4,4,3,4,4,5,5,6,5,5,4,4
241,23,2,5,6,5,20,2,4,1,8,1,4,3,2,2,3,1,2,5,2,4,2,4,4,4,5,4,5,2,4,2,4,1,2,2,3,2,1,6,1,6,1,6,2,5,2
242,32,1,1,6,7,4,1,4,4,35,3,4,4,4,4,3,5,4,2,3,3,3,3,4,3,3,3,3,3,2,3,3,3,3,3,3,3,3,4,3,4,4,4,5,4,3
243,27,1,5,6,5,2,2,4,1,40,3,2,3,1,4,1,2,4,3,2,3,4,4,4,4,5,4,4,2,3,2,3,2,2,1,3,2,5,6,5,5,5,4,2,4,4
244,44,2,3,6,6,23,1,2,4,40,11,2,4,2,2,3,4,3,5,5,4,4,5,5,5,5,5,5,5,5,5,2,5,3,4,3,5,1,1,4,1,1,5,1,1,4
245,38,2,1,6,6,14,2,3,3,28,1,5,4,3,2,3,4,3,4,4,4,3,3,4,4,4,5,4,4,5,4,5,3,4,3,4,3,4,5,4,5,5,3,5,5,3
246,24,2,5,3,5,7,1,4,0,27,3,1,2,2,2,2,2,2,4,4,4,4,4,4,4,4,4,4,4,4,4,3,4,4,4,4,4,2,2,2,2,2,2,1,2,2
247,24,2,5,3,4,1,1,4,2,39,7,3,4,4,4,4,4,3,4,3,4,4,4,4,4,4,3,4,4,3,3,2,2,5,2,5,4,4,4,5,5,5,4,5,3,3
248,40,2,1,8,7,4,2,4,19,30,1,3,3,1,3,3,3,1,4,4,4,4,4,5,4,4,3,4,4,5,3,3,4,2,3,4,4,2,2,2,4,2,4,3,4,3
249,24,2,5,6,5,2,2,4,0,35,3,1,1,4,1,4,1,2,4,4,3,4,4,3,4,4,3,3,2,4,3,2,4,3,3,2,4,2,4,4,5,3,3,2,2,3
250,29,2,1,6,6,4,1,4,5,40,2,5,5,5,5,5,5,5,4,4,4,4,4,3,4,4,4,4,2,3,3,5,3,5,2,5,2,5,4,1,3,1,5,1,3,1
251,43,1,5,6,6,13,2,1,2,80,8,3,4,2,4,4,4,5,4,4,4,4,4,4,4,4,4,4,5,4,5,5,5,5,,5,,6,2,5,4,2,4,5,2,5
252,41,1,1,6,5,13,2,2,10,48,7,4,5,4,5,3,4,4,3,3,3,4,3,4,3,4,3,4,3,4,4,3,3,4,4,5,3,6,2,5,4,4,1,4,4,3
253,49,2,1,5,4,1,1,4,5,49,10,4,5,4,4,3,4,3,4,3,4,3,3,3,3,5,4,5,3,1,4,5,4,4,2,5,2,6,6,4,6,5,5,6,6,6
254,41,2,3,6,5,23,2,4,5,40,6,4,3,3,2,3,3,2,5,4,4,4,4,4,4,4,3,5,4,4,3,2,4,4,3,3,4,3,3,2,4,2,2,2,3,3
255,24,2,5,6,6,14,2,4,1,13,2,2,3,2,2,3,2,3,4,3,4,4,4,4,5,4,4,4,4,4,3,3,3,2,4,2,4,1,1,2,1,2,3,1,2,5
256,32,2,1,6,6,5,2,4,7,38,3,2,3,3,2,1,4,3,4,2,2,4,2,4,3,4,3,4,4,4,2,4,2,2,2,4,1,5,6,5,5,4,2,3,3,6
257,30,2,5,6,6,2,2,4,0,39,4,4,2,3,3,2,3,3,2,2,4,4,4,4,3,3,3,4,4,4,4,4,3,2,2,4,2,4,5,4,4,5,5,4,5,5
258,27,1,5,6,6,2,2,4,2,40,2,4,2,1,2,2,3,2,5,4,5,4,4,4,5,5,3,5,5,4,4,2,4,1,4,4,4,1,1,1,2,1,1,1,2,2
259,27,2,5,3,6,10,1,4,0,20,1,2,4,4,2,3,4,3,4,1,4,4,4,4,4,4,3,4,4,4,4,3,3,4,4,4,4,3,3,1,4,3,3,4,3,3
260,24,1,5,6,5,2,3,2,2,40,4,4,5,3,3,4,3,2,5,5,5,5,5,5,5,5,3,4,4,3,4,5,5,1,5,2,5,2,3,1,5,3,1,5,3,1
261,25,2,5,3,6,2,1,4,1,32,3,2,4,4,3,3,3,3,3,4,4,2,3,2,4,4,3,3,2,4,2,2,3,2,3,4,2,5,4,2,4,2,4,2,3,5
262,20,2,5,6,2,6,1,4,1,4,1,3,4,3,4,1,3,2,3,2,2,3,4,3,4,4,3,4,3,5,5,3,4,4,5,2,5,1,3,1,3,2,2,2,2,2
263,54,2,1,6,7,10,1,2,12,66,10,3,4,4,4,3,4,4,5,4,5,5,4,5,5,5,5,5,4,4,4,4,4,4,4,5,5,3,3,2,3,2,2,2,2,2
264,25,2,5,3,6,1,2,2,6,20,1,5,3,4,2,3,4,4,3,3,5,4,4,3,3,3,3,4,4,4,3,2,5,3,4,2,5,5,5,4,4,4,6,5,4,3
265,22,2,5,3,6,4,2,4,1,9,1,1,3,1,1,1,1,1,4,4,4,4,3,4,3,4,4,4,4,2,4,3,3,2,4,4,3,1,1,1,4,3,3,1,1,1
266,40,2,3,6,5,23,3,4,4,40,12,2,1,2,1,2,4,2,2,4,4,3,2,2,3,5,4,4,2,3,2,1,2,2,2,4,1,3,5,4,6,5,5,5,5,5
267,24,2,5,6,6,23,2,4,0,50,2,3,4,4,2,2,3,1,1,2,2,3,1,1,1,3,3,2,3,3,3,2,1,1,3,4,2,5,2,2,5,4,5,3,1,1
268,30,2,5,6,5,7,1,4,8,50,1,2,5,5,3,5,5,5,3,3,3,2,2,4,3,2,2,4,4,4,4,3,4,2,4,4,4,6,6,6,5,5,6,5,5,2
269,36,2,1,6,5,14,2,2,5,21,2,3,3,1,3,2,3,3,5,4,3,4,4,4,5,5,5,5,4,5,3,4,3,2,3,4,4,5,2,1,3,2,1,2,2,2
270,29,2,5,4,4,1,1,4,5,40,9,1,2,1,1,1,2,1,5,4,4,4,5,4,5,5,3,5,5,4,4,1,4,3,2,2,4,1,1,1,1,1,1,1,4,2
271,22,2,5,3,5,7,2,4,2,14,1,1,3,1,2,1,3,1,3,5,3,4,4,4,5,5,4,4,4,4,4,3,4,4,4,3,5,2,3,4,2,2,2,3,1,2
272,40,2,1,8,6,13,1,2,5,43,8,4,4,3,3,2,4,4,2,3,3,4,4,4,4,5,4,5,4,3,3,3,4,1,3,4,4,6,2,5,2,4,3,4,3,2
273,37,2,5,6,6,18,2,3,5,40,7,1,3,3,3,2,4,2,4,4,4,5,4,5,4,5,4,5,4,4,4,3,4,3,3,5,3,3,2,2,4,4,3,3,4,2
274,33,2,5,6,7,10,3,2,15,20,7,3,5,5,5,4,5,5,4,3,5,4,4,4,5,5,3,4,2,5,4,5,4,5,3,5,4,6,2,5,2,3,2,6,3,4
275,47,1,5,6,6,18,2,2,21,37,7,1,3,1,1,1,1,1,4,4,4,4,3,4,2,4,4,4,3,3,2,2,2,3,2,3,2,3,4,3,4,3,4,2,4,4
276,35,2,3,6,6,1,3,4,3,31,6,3,2,2,1,2,3,3,3,3,4,4,3,4,4,5,4,4,4,4,4,2,3,4,4,2,4,2,2,2,2,3,2,2,2,3
277,23,2,5,6,5,5,1,4,0,20,2,2,2,2,1,3,2,2,2,2,1,4,2,4,3,4,4,4,2,4,2,1,2,2,2,4,2,5,3,1,5,5,2,5,4,5
278,21,2,5,6,5,4,2,3,4,15,12,3,4,4,4,3,5,2,4,4,3,5,4,5,4,5,4,4,4,4,5,4,5,4,4,5,5,3,3,3,2,4,2,4,3,5
279,43,2,5,6,6,14,2,3,2,46,4,2,4,4,4,3,3,4,4,4,4,3,4,4,4,4,3,3,4,3,4,3,3,4,4,4,3,3,2,4,4,3,4,4,2,2
280,39,2,5,6,6,1,1,4,7,18,2,4,3,1,2,1,3,3,4,4,4,4,4,4,4,4,4,4,4,4,5,4,4,2,5,4,3,4,4,2,2,3,3,2,2,3
281,53,2,1,6,5,2,2,3,4,40,2,3,5,4,3,2,3,4,4,4,4,4,4,5,4,5,4,4,4,4,4,3,4,4,5,3,4,2,1,2,2,2,2,2,3,2
282,53,2,1,6,5,2,2,3,4,40,2,3,4,3,4,3,4,3,4,4,4,4,4,4,4,4,4,4,4,4,4,2,4,4,4,3,4,1,2,2,1,1,2,2,2,2
283,21,2,5,3,6,9,1,4,0,20,2,3,3,4,2,2,3,3,2,2,4,3,3,4,2,3,2,2,3,2,2,3,3,3,2,4,3,4,3,4,2,3,3,4,4,4
284,25,1,5,7,6,20,2,4,1,40,2,2,3,2,2,2,3,3,3,4,4,3,3,3,1,4,3,4,3,5,3,2,4,2,4,3,4,1,1,2,2,2,3,2,2,2
285,66,2,2,6,5,4,1,2,22,57,8,2,3,4,2,2,3,2,5,5,5,4,5,4,5,5,4,4,3,4,4,2,4,2,4,4,4,3,2,4,3,2,2,2,2,3
286,24,2,5,3,6,7,2,3,2,53,7,5,4,3,4,4,5,3,3,3,4,4,3,4,4,4,3,4,3,3,3,3,4,4,4,5,4,3,3,4,2,4,4,3,2,5
287,37,1,5,6,6,5,1,1,1,43,6,3,4,4,2,2,3,3,4,4,4,4,4,4,4,4,4,4,4,4,4,2,4,2,4,3,4,3,2,4,2,2,2,1,2,2
288,34,1,5,3,6,4,2,4,1,20,3,3,2,4,2,4,4,4,2,2,4,4,4,4,4,4,4,5,4,2,1,4,2,2,2,2,3,3,4,2,6,4,6,3,6,5
289,49,1,1,6,7,10,3,1,5,50,11,3,3,1,3,2,4,3,5,5,5,4,4,4,4,3,4,5,4,5,5,3,5,5,5,5,5,4,1,4,1,1,2,1,1,1
290,31,2,5,6,5,7,2,4,2,35,6,3,2,3,1,3,2,3,5,5,5,5,3,4,4,5,4,4,4,5,4,2,4,1,3,2,4,2,3,2,5,5,5,3,4,4
291,23,2,5,3,6,8,1,4,1,37,3,4,4,5,4,2,3,4,4,4,4,4,3,4,4,2,5,4,4,5,4,2,4,5,4,5,4,2,1,1,3,2,2,2,2,2
292,37,2,5,6,4,1,3,2,5,30,5,1,3,2,3,1,1,2,4,4,4,4,4,4,4,4,2,4,4,4,3,2,3,3,3,3,3,2,3,3,3,2,2,2,3,2
293,37,2,5,6,4,1,3,4,5,30,2,1,3,2,3,1,1,3,4,4,4,4,4,4,4,4,2,4,2,4,3,2,3,3,3,3,3,2,3,3,3,3,2,1,3,2
294,55,1,1,6,6,13,2,3,1,40,11,2,4,2,3,3,4,2,5,5,5,4,3,4,3,5,4,3,2,4,4,4,3,2,4,4,3,4,5,3,4,2,2,4,3,5
295,32,1,5,3,6,20,1,4,6,10,3,4,3,3,3,2,4,4,3,3,3,4,3,4,4,2,2,3,2,2,2,2,2,4,2,4,2,3,5,4,4,4,4,5,4,3
296,54,2,3,6,6,1,3,1,5,61,4,2,5,4,5,2,5,3,4,4,5,5,4,5,4,5,2,5,2,5,4,5,3,5,3,5,4,6,2,6,1,6,3,5,2,5
297,34,2,5,8,5,7,2,4,4,6,2,1,3,3,3,1,3,3,4,4,3,4,4,4,3,4,3,4,4,4,2,1,2,1,2,4,2,2,5,4,6,5,5,2,5,3
298,29,2,1,6,6,20,2,4,3,50,11,2,2,2,1,1,2,2,5,5,5,4,4,4,3,5,3,4,2,1,2,4,4,2,2,5,2,4,4,1,3,2,1,1,2,1
299,27,2,5,6,6,8,1,4,3,45,3,3,4,2,2,3,5,2,5,2,5,4,4,4,4,5,4,4,4,4,5,4,4,2,5,5,5,5,1,1,2,2,2,4,2,1
300,27,2,5,6,5,8,2,2,2,40,5,3,3,1,2,3,2,2,5,5,5,5,4,4,5,5,5,5,4,5,5,4,4,1,4,5,5,4,1,2,1,2,1,2,2,2
301,64,1,1,6,5,10,2,3,32,50,11,4,4,3,4,3,3,3,4,2,4,1,4,3,2,4,4,4,2,1,2,5,4,5,3,4,2,5,6,4,6,5,4,2,5,5
302,22,2,5,3,6,7,1,4,1,20,1,4,1,4,2,3,2,3,5,4,5,5,5,5,3,5,5,4,5,4,4,1,5,2,4,2,5,1,2,1,1,2,2,1,2,3
303,24,2,5,8,5,6,1,4,3,27,2,3,1,1,3,1,3,2,4,5,5,2,4,4,4,5,4,4,3,4,3,5,4,1,3,5,3,2,4,4,1,4,2,1,4,6
304,22,2,5,6,5,23,1,4,3,20,1,2,4,2,1,2,3,4,2,4,2,4,2,4,2,2,2,4,2,1,1,1,1,4,1,2,2,2,6,2,5,5,5,3,5,4
305,27,1,5,3,6,13,2,2,2,40,6,3,4,4,3,2,4,3,4,4,4,2,3,4,3,4,4,4,4,4,3,2,3,1,2,4,3,5,4,4,4,3,3,5,3,4
306,28,2,5,3,6,2,2,4,0,24,12,4,4,2,2,3,4,3,4,3,4,2,4,4,5,4,3,3,4,4,4,4,4,4,4,4,4,2,3,1,4,5,3,1,2,3
307,54,2,5,6,7,4,1,3,25,20,5,2,2,1,1,1,3,1,5,4,5,5,3,5,2,4,3,5,3,4,4,3,5,3,4,4,5,3,1,2,1,2,3,2,4,3
308,35,1,1,3,6,18,1,2,7,40,2,1,3,2,1,1,4,3,5,4,5,3,4,2,4,5,2,4,1,2,1,1,3,1,2,2,1,2,6,6,6,6,6,2,2,5
309,28,2,5,6,5,13,2,2,4,50,4,2,4,4,4,1,3,3,4,4,4,3,4,4,2,4,3,4,4,4,2,4,3,2,4,4,2,5,5,4,2,5,2,4,2,4
310,28,2,5,4,5,4,2,3,3,42,3,5,4,5,2,3,3,3,4,4,5,5,5,5,5,5,3,5,5,5,5,3,4,4,5,3,4,2,2,1,4,2,2,2,3,2
311,19,1,5,6,5,23,3,4,1,12,1,3,3,2,3,1,4,2,4,4,2,3,4,3,3,4,4,4,4,3,4,4,5,4,5,3,4,4,4,2,2,4,5,4,4,2
312,32,2,5,6,5,6,1,4,3,33,8,2,3,3,1,1,3,3,2,4,2,4,4,4,4,5,4,4,4,4,4,4,3,2,4,2,4,3,2,2,2,2,2,1,4,2
313,26,1,5,4,3,19,1,4,4,50,2,3,4,2,2,2,4,1,4,4,4,4,4,4,5,4,4,4,5,5,5,3,5,5,5,4,4,1,1,1,1,1,1,1,1,1
314,23,2,5,6,5,7,2,4,1,40,2,2,4,1,3,1,4,3,4,4,4,4,3,4,4,4,3,3,3,4,4,3,3,4,3,4,3,3,4,1,3,4,4,2,4,3
315,23,2,5,3,5,7,2,4,1,38,3,3,3,2,2,1,2,3,4,4,3,5,5,4,5,4,4,4,4,4,3,2,4,4,4,2,4,2,4,2,2,4,3,4,1,6
316,35,2,5,3,6,9,1,4,2,12,1,2,3,1,1,3,3,3,4,4,1,2,1,4,4,4,4,4,4,4,4,3,4,2,4,2,4,3,2,2,4,2,2,2,2,3
317,60,2,1,6,7,23,1,2,15,50,12,2,3,3,2,2,3,1,5,5,5,5,4,4,5,4,3,5,4,4,5,4,4,3,5,4,5,1,1,1,1,1,1,3,1,1
318,43,2,5,6,5,6,1,3,9,26,2,1,1,1,2,2,1,1,4,4,3,4,4,4,2,4,3,4,4,3,4,3,4,2,3,2,4,2,5,3,4,4,4,1,5,2
319,25,2,5,3,5,10,2,2,3,60,2,4,5,5,5,3,5,4,4,4,4,2,4,4,3,4,3,5,5,4,4,5,4,2,4,5,4,5,4,5,6,5,6,3,5,3
320,24,1,5,3,6,20,2,2,4,40,2,3,1,1,1,3,3,1,1,1,1,3,3,3,1,1,3,3,3,2,4,4,2,3,1,3,1,3,4,4,2,2,4,4,2,2
321,23,1,5,6,6,7,1,2,7,33,3,1,2,1,1,1,1,1,5,4,5,5,4,4,4,4,5,4,3,4,2,2,3,4,2,4,4,2,4,1,3,2,2,1,3,2
322,33,2,5,2,5,15,2,2,7,8,1,5,5,2,4,5,5,5,4,1,3,1,1,2,3,5,2,3,3,2,1,3,1,4,2,5,2,6,6,6,4,6,5,6,6,4
323,44,2,1,6,7,4,1,4,20,50,3,4,5,5,2,5,5,5,4,4,4,3,3,4,4,5,3,2,4,2,2,5,3,4,2,5,2,6,5,6,5,2,3,6,4,3
324,51,2,4,6,5,4,1,2,7,37,5,2,3,3,2,1,3,2,5,4,5,5,4,2,5,5,4,4,4,4,4,4,4,2,4,4,3,4,4,4,2,4,2,2,3,5
325,28,2,1,6,5,4,1,1,3,45,2,4,5,4,5,5,5,3,5,5,5,5,5,5,5,5,5,5,4,2,4,3,5,4,4,5,4,5,4,5,1,4,2,2,3,5
326,25,1,5,6,2,14,2,4,1,19,1,2,4,3,4,3,3,2,4,2,3,4,4,4,4,4,4,4,4,4,3,2,3,2,3,4,4,3,2,2,4,2,2,2,2,2
327,19,1,5,4,5,18,2,3,46,65,2,4,5,4,2,3,3,1,3,3,5,4,1,5,5,5,4,5,3,4,4,5,4,4,4,5,2,4,4,5,6,4,6,1,6,5
328,40,3,1,6,6,13,2,2,2,32,4,2,3,3,3,2,3,2,5,4,5,4,4,4,4,4,4,5,4,4,5,4,5,2,5,4,5,2,1,1,2,2,5,2,2,1
329,35,1,5,6,7,8,1,3,0,40,5,3,4,3,4,3,3,3,4,2,4,3,2,3,2,5,2,4,2,2,3,4,2,2,2,4,2,6,5,5,5,5,2,4,5,5
330,21,2,5,6,3,9,2,4,1,28,2,4,4,2,2,4,3,2,3,4,4,4,1,4,2,5,3,4,2,4,2,1,2,1,2,3,2,4,4,2,4,4,4,3,3,2
331,27,2,1,6,6,3,2,2,5,50,10,3,2,4,2,3,4,1,4,5,4,4,4,4,4,5,4,4,3,4,3,4,3,2,2,3,3,2,4,1,3,3,3,1,4,3
332,23,2,5,3,6,4,1,4,2,60,3,2,4,2,3,3,4,2,4,4,4,4,4,4,4,4,4,4,4,5,4,4,4,4,4,4,3,4,4,4,3,4,6,2,4,3
333,26,1,1,6,6,23,1,4,9,19,2,1,1,1,3,1,4,3,4,2,4,5,5,3,3,5,4,5,1,4,1,1,1,5,1,4,1,2,5,5,4,2,1,3,2,6
334,27,2,5,6,5,4,1,4,3,32,4,3,4,4,5,2,4,3,4,4,4,4,4,4,4,4,4,4,4,4,4,2,4,2,4,4,4,5,2,5,4,4,4,2,4,4
335,47,2,1,6,5,10,3,1,2,44,11,3,2,1,3,1,3,2,5,5,4,4,5,4,4,5,4,4,4,4,5,4,4,3,4,4,5,4,2,1,2,2,4,2,2,1
336,47,2,1,3,6,13,2,1,3,59,12,4,4,1,1,1,4,2,5,5,5,4,4,5,3,5,5,5,5,5,4,4,4,3,4,4,4,4,2,2,4,4,2,2,2,4
337,47,2,4,6,5,13,2,2,2,40,11,2,3,3,2,2,2,2,4,4,3,3,4,4,4,4,3,4,3,4,4,4,4,3,4,3,4,2,2,2,3,4,2,2,2,2
338,28,2,5,6,7,8,1,4,4,37,5,1,2,2,2,2,2,2,4,4,4,4,3,4,4,4,3,4,3,4,4,3,4,3,3,3,4,2,2,2,3,2,2,1,2,4
339,47,2,4,6,4,5,1,1,18,51,10,3,4,2,2,1,4,4,4,5,4,4,4,3,3,4,3,1,3,3,2,4,3,1,2,4,2,5,4,4,2,5,4,4,5,3
340,20,2,5,6,5,9,1,4,1,18,1,3,3,3,3,2,4,2,4,3,4,3,4,4,4,4,3,4,2,4,3,1,4,4,4,4,3,3,4,2,4,4,4,3,2,4
341,41,2,1,1,6,4,1,4,2,40,7,3,4,3,5,3,5,3,5,5,4,4,5,5,5,5,1,5,5,4,5,2,4,3,4,5,4,4,4,4,4,6,6,4,4,5
342,42,2,1,8,3,5,1,4,0,45,4,3,4,1,2,1,4,3,3,4,4,5,3,4,4,4,4,5,4,5,4,1,3,3,3,3,4,2,2,1,2,1,2,2,1,2
343,24,2,5,6,5,9,1,4,1,20,2,2,3,4,1,2,2,3,4,4,4,4,3,4,3,5,4,4,2,2,2,1,2,2,2,1,3,2,6,4,3,4,2,2,5,4
344,32,2,1,6,5,10,2,4,1,40,6,3,2,1,1,2,3,1,2,2,3,4,4,3,5,5,4,4,5,5,5,1,5,2,5,4,5,1,1,1,1,1,1,1,1,1
345,39,1,1,8,5,20,2,3,10,49,7,3,4,2,1,1,3,3,5,4,4,3,4,4,4,5,3,4,4,5,4,2,3,2,3,4,4,2,3,2,3,4,3,3,4,4
346,41,2,1,8,6,13,1,1,9,39,11,4,5,4,4,3,5,5,5,5,5,5,3,5,5,5,5,5,5,5,3,1,3,3,5,5,3,5,6,2,6,4,6,2,6,6
347,24,1,5,6,6,2,2,4,0,55,2,5,4,2,2,1,5,5,3,3,2,4,3,4,4,4,4,4,2,2,2,2,1,4,2,5,2,5,4,6,5,5,5,5,6,5
348,25,2,3,6,6,4,1,4,2,36,1,1,3,4,4,2,2,3,3,2,3,3,3,3,3,1,4,4,3,2,4,1,4,2,4,4,3,3,3,5,3,5,2,2,3,1
349,29,2,5,6,6,23,2,4,1,40,7,3,4,2,2,2,4,3,4,4,4,2,3,4,4,3,2,4,2,4,3,4,3,4,3,4,4,4,4,2,4,4,4,2,5,2
350,26,2,5,6,5,23,1,4,0,45,5,3,4,4,3,3,4,4,4,2,4,3,3,3,2,5,3,4,2,1,4,3,4,4,5,5,4,6,4,5,4,3,4,4,4,2
351,50,1,1,6,5,2,2,1,26,50,11,1,3,4,3,1,3,3,4,2,4,4,3,3,3,4,4,4,3,2,2,3,2,4,2,3,2,3,2,4,4,3,4,3,2,3
352,35,2,5,6,5,13,1,2,6,40,6,4,4,4,4,4,4,4,4,5,2,4,4,4,4,5,2,4,4,2,4,3,2,2,2,4,3,4,5,5,5,6,3,4,6,5
353,49,2,5,6,6,2,2,1,6,50,11,2,4,2,2,3,3,3,5,5,5,4,4,3,4,5,2,4,3,4,2,2,2,3,2,4,2,5,5,5,3,2,4,4,4,5
354,29,2,5,7,7,2,2,4,1,40,5,2,3,2,4,4,3,3,5,4,4,3,3,3,4,4,4,5,4,4,2,3,1,2,3,3,2,3,3,4,3,2,2,2,3,4
355,22,2,5,5,4,5,1,4,4,24,12,1,1,1,1,1,1,1,3,4,3,5,4,4,4,5,3,4,5,5,4,3,4,3,4,2,3,1,1,1,4,1,1,1,1,4
356,22,2,5,3,6,9,1,4,0,15,1,3,3,1,1,1,1,3,3,3,3,3,4,3,2,4,4,3,4,4,1,3,1,5,1,5,1,3,4,2,6,5,4,2,3,4
357,23,2,5,4,6,10,1,4,1,36,3,1,3,1,1,1,1,4,4,4,3,4,5,4,5,5,2,4,2,4,2,1,2,1,1,1,1,4,6,1,2,2,6,1,6,3
358,23,2,5,6,5,5,2,4,1,17,2,1,1,1,1,1,4,3,2,2,2,4,3,2,2,4,3,4,2,4,3,1,3,1,3,3,2,2,4,2,4,5,5,4,5,2
359,27,2,5,3,6,14,2,4,3,40,5,5,5,5,5,5,5,5,4,4,4,4,4,4,3,4,3,4,3,3,,5,4,2,3,5,3,4,4,5,5,4,4,5,4,5
360,23,2,1,6,3,5,1,4,1,25,4,4,2,3,3,2,4,2,2,3,3,3,4,4,4,4,3,4,4,4,4,1,3,4,4,4,4,2,2,2,2,2,2,2,2,5
361,24,2,5,8,6,4,1,4,4,35,1,4,4,5,3,3,5,3,4,4,4,4,3,4,4,2,2,4,3,2,3,2,3,4,4,5,3,5,5,5,5,2,2,5,2,6
362,29,4,1,3,6,23,2,4,4,45,5,3,4,2,4,2,4,4,4,4,4,2,3,3,4,3,4,3,3,4,3,3,4,4,4,4,4,4,4,2,5,4,4,4,4,3
363,33,2,3,6,6,13,3,3,7,50,3,3,3,3,3,4,4,4,5,5,5,5,4,5,4,4,4,5,4,5,5,1,5,4,4,4,4,4,1,1,1,2,2,5,1,1
364,34,1,1,3,6,2,3,1,16,45,8,2,4,2,4,2,4,3,4,4,4,3,3,4,4,4,3,4,4,4,2,2,3,2,2,4,2,3,5,2,5,4,5,2,2,5
365,20,2,5,4,3,7,1,4,0,40,6,2,3,2,1,4,4,2,4,4,4,4,4,4,3,4,4,4,4,5,3,1,2,2,3,3,4,4,3,6,5,4,4,4,4,3
366,19,1,5,8,2,20,3,4,6,30,12,1,2,3,2,2,5,2,3,3,1,2,4,2,4,5,5,5,4,2,1,5,2,1,5,1,,1,6,2,1,4,5,1,3,1
367,27,1,5,5,5,5,1,4,2,40,4,3,3,5,5,5,3,4,4,4,4,4,5,5,5,3,5,5,2,2,5,3,5,1,5,1,5,2,3,1,4,3,4,1,3,3
368,50,2,1,6,6,2,1,2,2,28,4,3,3,1,1,2,2,1,3,4,4,4,4,4,4,4,4,4,4,4,3,3,3,4,4,4,4,4,2,2,3,3,3,2,2,2
369,24,2,5,6,5,20,2,4,1,42,6,2,3,4,1,4,2,2,3,4,3,4,2,3,1,4,1,1,1,3,4,4,5,1,4,4,4,5,3,4,3,2,5,2,3,2
370,24,2,5,3,6,10,2,4,3,48,2,5,3,3,3,2,4,2,4,3,4,4,4,4,3,4,3,4,3,3,2,4,3,2,3,3,2,3,4,2,5,5,5,3,5,5
371,30,2,1,6,6,14,2,2,7,37,12,1,1,1,1,1,1,1,4,5,4,5,3,5,4,5,1,5,3,4,1,2,3,1,1,2,4,2,4,5,4,1,3,2,2,2
372,34,1,1,6,6,5,1,1,8,55,7,3,4,5,3,4,5,4,4,5,4,4,4,4,4,5,3,5,4,4,3,4,3,4,3,4,3,4,4,5,4,4,2,3,3,5
373,26,2,5,4,5,5,1,4,3,20,2,4,4,4,2,4,3,1,5,2,4,4,4,2,3,2,4,4,5,4,5,3,5,4,4,5,5,4,1,4,2,2,4,2,1,3
374,23,2,5,6,6,7,2,4,2,32,2,3,4,3,4,3,4,3,4,3,4,4,4,3,4,4,4,4,3,5,2,2,4,2,2,4,4,5,4,3,5,6,4,4,4,3
375,27,2,5,6,5,14,1,4,2,40,3,1,3,4,3,1,2,2,4,4,4,3,3,3,4,4,3,3,1,2,1,1,2,2,2,4,2,3,5,4,5,5,5,2,6,4
376,30,2,5,3,6,2,2,2,5,40,3,2,3,2,1,1,3,2,4,4,4,4,4,4,4,4,3,4,4,3,3,2,4,3,3,3,4,2,5,2,5,5,2,2,4,4
377,36,1,5,4,5,15,2,1,1,49,1,3,5,3,2,4,1,1,5,5,5,5,3,4,5,5,2,4,3,5,3,4,5,5,3,5,4,2,1,4,1,1,1,1,4,6
378,28,2,5,3,6,23,3,2,0,29,4,2,4,4,2,4,4,5,4,4,5,5,4,4,4,2,4,4,4,4,5,2,4,4,5,2,5,4,2,5,5,4,5,2,4,6
379,30,2,1,4,5,7,2,4,4,34,4,3,4,3,4,2,2,3,3,2,4,4,4,5,5,5,4,4,3,2,1,2,3,4,2,2,3,2,6,4,4,5,5,1,4,5
380,25,1,1,3,6,21,2,2,3,40,9,2,2,4,3,3,3,2,4,5,5,4,4,4,5,5,5,3,4,3,4,3,4,5,5,3,4,3,2,2,4,4,3,3,2,2
381,23,2,5,3,2,9,1,4,2,15,1,2,3,4,3,2,2,2,4,4,2,4,3,4,4,4,3,2,2,2,3,2,2,2,2,4,2,2,4,2,4,4,4,2,5,4
382,22,2,5,6,6,13,2,3,1,40,1,4,5,5,4,3,4,5,4,4,3,3,4,5,5,4,3,4,3,4,2,3,3,3,3,5,2,5,4,5,5,3,3,3,3,4
383,43,1,1,3,6,4,2,3,3,40,8,2,3,2,1,1,3,2,4,4,4,4,4,4,4,4,4,4,4,4,3,3,3,2,3,3,4,2,1,3,2,2,3,2,1,5
384,48,1,1,6,5,23,3,1,17,80,11,3,4,2,5,2,3,2,5,5,5,1,5,5,5,2,2,2,5,5,5,3,5,5,5,2,5,3,3,4,4,3,1,4,2,6
385,47,2,5,6,4,2,2,2,15,50,11,3,3,3,3,2,3,2,4,4,5,4,4,4,4,4,4,4,4,4,3,2,3,1,3,4,4,2,4,2,4,4,4,2,3,2
386,27,2,5,6,6,4,1,4,1,45,1,3,3,2,3,4,3,3,3,3,3,4,3,4,4,3,2,4,4,4,3,2,3,4,3,4,4,3,3,3,3,3,3,3,3,3
387,21,2,5,3,2,23,3,4,4,25,12,2,2,4,1,3,3,2,3,4,4,4,4,4,4,4,4,4,4,3,3,2,3,4,4,2,3,2,3,2,3,2,2,2,3,3
388,22,1,5,3,5,10,2,4,1,55,6,3,3,3,3,3,4,4,3,4,4,4,4,5,3,4,4,3,3,2,4,4,3,4,4,4,3,4,5,3,4,4,5,4,3,4
389,23,2,5,6,5,7,2,4,2,10,1,3,3,4,3,1,2,2,3,2,2,4,3,3,2,4,2,4,3,3,3,2,2,4,2,4,4,3,5,3,5,5,5,5,6,4
390,25,2,5,3,6,23,2,2,3,50,3,5,4,4,4,4,5,4,4,4,5,5,4,4,4,4,4,3,5,4,4,4,4,5,5,4,4,5,6,5,5,5,5,6,4,6
391,22,2,5,6,6,7,1,4,1,22,1,4,4,3,2,2,4,4,4,4,4,4,4,3,4,4,4,4,3,3,2,3,2,5,4,4,2,4,5,4,5,5,5,4,5,5
392,37,1,1,6,6,2,2,1,0,50,11,3,4,2,2,5,3,3,5,5,4,5,5,5,4,5,5,5,4,5,2,3,3,4,3,5,2,4,3,5,4,6,4,4,6,3
393,48,2,1,6,5,2,2,1,17,50,11,3,2,3,2,2,5,3,4,4,4,4,3,4,3,4,4,4,4,2,3,2,3,4,4,5,3,4,5,3,4,2,2,4,4,4
394,47,2,3,6,6,23,3,1,2,70,2,2,5,4,3,4,4,4,4,4,5,4,3,5,2,5,4,4,4,4,4,4,4,4,4,5,4,5,2,3,2,2,2,4,2,1
395,56,1,5,6,6,13,2,3,2,40,8,1,2,2,1,3,3,2,4,3,4,4,2,3,2,4,2,4,2,2,1,3,2,3,1,3,1,1,6,4,5,5,4,2,6,5
396,35,1,5,6,6,13,1,1,1,42,7,1,3,2,1,1,3,2,4,4,4,4,4,3,4,5,4,5,3,4,4,4,3,2,3,3,4,2,2,3,5,4,3,2,4,3
397,40,2,5,6,6,2,2,2,15,50,7,4,5,3,4,5,5,5,4,4,2,5,1,5,4,5,4,4,2,2,2,2,2,1,1,5,3,6,6,5,5,6,5,6,4,5
398,50,2,1,6,6,2,2,2,3,55,8,2,5,4,4,3,5,4,5,5,5,4,2,2,2,3,2,4,3,2,3,3,2,2,2,5,1,6,6,5,2,6,1,4,5,5
399,30,2,5,3,6,2,2,2,5,40,3,3,3,3,3,2,3,1,4,4,4,4,4,4,4,4,2,4,4,3,3,2,3,3,3,3,4,2,4,2,4,4,4,2,4,4
400,20,1,5,3,5,2,2,3,1,40,2,3,3,4,3,3,3,4,4,4,5,4,4,5,4,5,4,4,4,3,4,3,3,2,5,3,4,4,4,5,4,5,4,5,4,4
401,43,2,1,7,7,4,1,4,0,46,5,5,5,5,5,5,5,5,4,4,4,4,3,3,2,5,4,4,5,3,4,5,5,2,5,5,4,5,1,2,1,3,2,4,2,2
402,23,2,5,2,5,4,1,4,2,40,5,1,3,1,3,1,2,3,4,3,4,4,4,4,4,4,2,4,4,4,4,1,3,1,4,3,4,2,1,2,2,3,1,1,1,5
403,25,1,5,6,5,10,3,4,1,20,2,4,4,4,1,3,4,1,2,2,1,2,3,4,4,4,4,4,4,2,4,2,4,1,2,4,3,5,2,5,4,4,5,4,4,3
404,48,1,5,7,6,14,2,4,8,35,6,1,1,1,1,1,1,3,5,1,5,5,5,5,5,5,4,5,4,5,2,3,1,1,1,2,1,1,6,1,6,2,1,1,1,4
405,23,1,5,6,6,2,2,4,1,55,3,2,2,3,3,4,3,4,3,4,3,4,3,5,2,3,2,4,5,2,4,3,2,4,3,2,3,5,2,2,4,4,5,3,5,6
406,22,2,5,3,5,13,1,4,1,40,4,4,1,1,1,2,1,1,2,2,2,4,4,2,2,4,4,2,4,4,4,1,2,1,3,1,4,2,2,1,2,2,2,2,4,2
407,23,1,5,6,6,2,2,4,2,46,6,3,2,2,2,2,2,2,4,4,4,4,4,4,4,5,4,4,4,5,4,3,4,4,3,4,4,3,2,2,3,2,3,2,2,2
408,22,1,5,6,6,2,2,3,2,50,4,2,3,4,2,2,2,1,4,4,5,5,3,3,4,5,4,5,4,4,5,4,4,5,4,4,5,2,2,2,4,2,2,2,2,3
409,35,1,1,6,7,8,2,4,2,40,3,1,4,3,2,1,4,3,4,4,4,4,2,4,4,4,4,3,3,2,2,2,2,2,2,4,2,4,6,4,4,5,5,3,5,2
410,54,2,1,6,2,2,1,2,25,30,8,3,3,3,3,3,3,3,4,4,4,4,4,4,4,4,4,4,4,4,2,4,2,4,4,2,2,4,4,4,4,4,4,2,4,4
411,22,1,5,6,2,14,1,4,2,5,1,1,2,1,1,1,1,1,3,4,4,3,3,4,4,5,4,4,3,4,2,3,3,2,1,2,2,1,5,1,6,4,6,1,4,3
412,53,2,5,8,6,14,1,3,18,35,8,1,1,1,1,1,1,1,5,5,5,4,2,4,2,5,4,5,5,4,1,1,1,1,1,1,1,2,6,1,6,5,5,1,5,6
413,27,2,1,6,5,19,2,3,2,44,4,1,3,1,2,2,4,4,4,4,5,5,4,3,2,5,4,5,4,5,4,5,4,4,4,5,3,2,6,6,5,6,6,4,4,6
414,36,2,5,6,6,1,1,4,7,43,2,3,5,5,3,3,4,5,3,4,5,3,3,4,3,4,4,4,3,4,2,3,1,2,2,4,3,6,6,6,4,4,5,5,6,6
415,24,2,5,6,5,23,1,4,1,32,2,2,2,2,1,3,2,1,3,4,3,4,3,3,4,4,4,4,4,3,4,4,3,1,4,4,4,3,2,3,3,4,3,1,3,2
416,53,2,1,6,6,4,1,3,1,19,4,2,3,1,1,2,1,2,4,4,4,4,4,4,4,4,4,4,4,4,4,2,4,3,4,2,4,1,1,1,1,1,1,1,1,1
417,29,2,5,3,6,1,2,4,2,40,1,4,5,4,3,2,4,5,5,5,5,4,3,2,2,5,4,3,4,2,1,1,1,3,1,5,2,5,6,5,6,4,5,3,6,5
418,25,1,5,3,5,13,1,4,2,40,3,2,3,3,3,3,3,3,3,3,3,2,3,3,3,2,4,2,3,3,1,3,2,2,2,3,2,2,2,3,2,2,3,3,3,3
419,38,1,1,6,5,5,1,4,2,27,3,1,2,2,2,2,3,3,3,3,4,4,4,3,5,5,3,4,3,4,4,4,4,4,3,3,4,2,2,3,1,2,2,3,3,4
420,37,1,1,6,7,4,1,4,7,40,2,3,2,1,3,2,1,2,4,4,5,3,5,5,5,4,2,4,5,5,5,2,4,3,4,2,5,3,1,2,1,2,2,3,1,1
421,26,1,5,3,6,2,2,3,4,40,12,2,4,5,4,3,4,4,4,4,4,2,3,4,3,4,4,4,4,4,4,4,4,2,4,4,4,4,2,3,2,4,2,2,2,5
422,54,1,1,6,2,20,1,2,27,44,9,3,4,3,3,3,3,3,4,5,4,4,4,4,3,4,3,4,4,3,3,2,3,4,2,5,3,4,4,6,5,5,3,5,2,4
423,26,1,5,3,6,5,1,3,6,51,3,4,3,3,4,3,4,3,4,4,4,4,4,5,5,5,4,4,4,5,5,2,5,5,5,5,5,5,2,2,2,2,2,2,2,2
424,22,2,5,6,5,2,2,2,1,44,2,4,5,3,4,3,5,5,3,3,2,2,2,2,3,4,2,3,4,4,2,1,2,3,2,5,2,6,6,5,6,6,6,4,4,5
425,36,1,5,6,5,14,2,3,1,30,12,2,3,1,1,1,3,3,4,4,4,4,3,4,3,4,3,4,3,3,3,4,2,3,3,4,3,3,5,3,3,3,4,2,5,3
426,25,1,5,3,6,2,2,3,2,38,4,4,3,2,2,2,3,3,4,4,4,4,4,4,4,4,4,4,4,4,3,3,3,3,3,3,3,3,4,4,4,4,4,3,4,4
427,26,1,5,2,5,13,2,3,3,40,3,2,3,2,4,4,2,3,2,3,1,4,1,2,2,1,5,3,3,4,3,5,5,2,2,5,2,3,3,6,4,3,6,1,3,3
428,43,2,1,2,6,8,1,4,2,36,5,4,5,5,5,4,4,5,4,4,4,4,4,4,4,5,3,5,4,5,4,4,4,4,4,5,4,5,2,4,2,2,2,5,2,2
429,22,2,5,6,6,5,2,4,0,32,2,3,5,5,5,3,4,4,3,3,4,5,3,3,4,5,2,4,4,4,4,3,4,2,3,4,4,5,2,4,3,4,3,5,4,4
430,39,2,5,2,5,13,1,2,5,34,6,3,4,3,2,2,3,3,3,4,4,3,4,3,3,3,5,4,5,3,4,4,5,4,4,3,4,5,5,4,4,3,4,3,5,3
431,31,1,1,6,6,7,2,2,5,50,12,3,4,3,3,1,2,2,4,3,5,4,5,2,4,5,4,5,3,4,4,3,4,3,5,5,5,4,1,3,2,1,2,2,3,6
432,24,2,5,6,5,6,1,4,4,25,3,4,4,4,3,3,4,4,3,3,2,4,3,4,4,4,4,4,4,4,4,2,4,3,4,4,4,3,4,4,2,4,4,4,3,3
433,26,2,5,3,5,23,1,4,2,24,2,2,4,2,3,3,3,2,3,4,1,3,3,4,4,2,4,2,4,2,4,2,4,3,4,2,3,2,2,3,2,4,2,4,2,3
434,27,2,5,6,6,1,1,4,1,37,5,1,1,1,1,1,1,1,3,3,4,4,4,3,4,4,4,4,3,4,4,4,3,2,4,4,4,2,2,2,2,4,2,2,2,2
435,54,2,1,6,6,23,1,4,21,15,5,2,3,1,2,2,2,1,3,3,3,3,4,4,4,4,3,4,4,4,4,4,3,4,4,4,4,4,4,3,2,4,5,1,4,6
436,24,1,5,3,5,1,1,4,1,45,1,3,4,4,5,4,5,4,5,3,5,3,3,4,4,2,2,4,3,4,2,3,2,4,1,5,2,6,4,6,5,5,5,4,6,2
437,24,1,5,2,5,5,1,4,2,8,1,5,2,2,1,2,2,5,4,4,4,4,1,5,4,5,2,4,2,3,1,5,1,2,1,2,1,3,6,2,2,5,3,3,3,1
438,54,1,1,6,3,23,2,1,21,45,6,2,3,1,3,4,2,1,4,3,2,4,4,4,4,4,4,2,4,4,3,4,4,3,4,4,4,4,6,2,2,2,2,2,2,2
439,22,2,5,6,5,9,2,4,1,16,1,3,2,2,1,4,4,2,2,2,3,2,1,2,1,3,4,4,3,2,2,1,4,4,2,2,4,3,5,3,4,4,4,2,4,4
440,55,1,1,6,6,2,3,1,10,60,11,2,4,3,5,5,3,4,5,5,5,4,3,4,3,5,2,5,2,4,5,5,4,1,5,5,4,5,4,5,5,5,2,5,2,5
441,20,1,4,3,4,23,2,2,10,18,3,3,5,2,2,3,4,4,3,4,3,4,5,5,3,4,4,2,3,4,4,4,3,3,2,2,5,4,6,5,3,4,3,5,2,3
442,24,2,5,6,5,4,2,4,2,40,3,3,4,4,5,3,5,3,3,2,4,3,3,4,4,5,4,4,2,1,2,2,2,4,3,4,3,4,6,3,5,6,5,4,6,6
443,26,1,5,3,6,13,2,4,4,50,12,4,4,3,3,2,2,3,5,3,4,3,4,4,3,4,3,4,3,4,4,4,5,3,3,4,4,4,5,5,5,4,3,2,4,3
444,23,2,5,3,6,2,2,4,0,8,2,4,4,3,3,5,4,4,4,4,4,4,3,4,4,4,3,4,3,4,3,2,3,2,4,3,4,3,4,5,4,5,5,4,4,4
445,21,2,5,2,2,2,1,4,50,40,7,3,3,4,2,1,4,1,3,3,4,4,3,4,4,3,3,4,4,4,3,1,2,1,4,3,3,3,1,1,4,4,2,1,2,5
446,23,3,5,3,2,10,2,4,10,46,1,4,5,3,4,5,3,3,1,4,3,5,1,2,4,5,3,4,5,2,2,3,4,4,3,5,2,4,5,4,6,4,3,3,2,1
447,26,2,5,6,3,2,1,2,5,34,10,4,3,3,3,2,4,3,5,4,4,2,3,5,4,4,3,4,4,5,4,4,5,4,5,2,4,3,2,5,3,3,2,1,3,6
448,24,2,5,6,2,10,1,3,1,45,6,2,3,2,3,3,2,2,3,4,3,3,2,4,3,4,4,3,3,4,4,2,4,3,4,3,3,3,3,2,2,3,2,3,3,3
449,22,2,5,6,2,20,1,4,2,52,4,4,3,3,4,5,3,4,4,4,2,3,3,4,4,4,3,2,4,3,5,2,4,4,3,4,3,4,6,4,4,4,4,5,5,5
450,35,1,1,6,5,2,2,2,8,40,3,2,2,2,2,2,3,2,4,4,4,4,4,4,4,4,4,4,4,4,4,2,4,4,4,2,4,2,2,3,2,2,2,3,2,2
451,35,1,1,6,5,1,2,2,7,38,3,2,2,2,2,3,3,2,4,4,4,4,4,4,4,4,4,4,4,4,4,2,4,4,4,2,4,2,3,2,2,2,2,3,3,2
452,53,1,1,6,7,13,2,1,2,50,12,2,5,1,1,1,1,3,4,5,4,4,4,4,2,5,3,4,3,4,2,2,2,4,2,4,2,2,2,2,4,2,2,2,2,2
453,29,2,5,6,4,5,1,3,5,40,6,2,3,2,2,2,3,3,3,4,3,4,2,4,3,4,4,4,4,4,3,2,2,4,3,3,3,5,5,3,2,5,4,4,5,6
454,28,2,1,6,6,20,2,4,3,45,8,4,4,2,3,3,2,2,2,2,4,2,3,3,2,4,4,2,2,2,4,4,2,4,4,4,3,3,5,3,4,3,5,3,3,2
455,19,2,5,3,5,23,1,4,1,3,12,4,3,2,2,3,3,2,3,4,4,3,3,3,3,3,4,4,3,3,4,2,3,3,3,3,3,3,3,2,3,2,3,2,2,2
456,22,2,5,6,6,7,1,4,3,27,1,2,3,1,1,1,1,1,4,1,4,4,3,4,5,5,3,4,4,4,4,3,4,3,4,3,4,1,2,2,3,2,4,1,1,3
457,22,2,5,6,5,9,2,4,3,25,3,4,5,3,3,4,5,4,2,2,2,4,4,4,5,5,5,5,3,2,4,1,2,5,3,4,2,2,5,4,4,4,2,4,3,4
458,26,2,5,3,6,2,2,4,1,38,1,3,3,2,2,2,2,3,4,2,4,4,3,4,4,4,4,3,4,4,3,2,3,3,4,2,3,3,3,5,3,3,5,4,2,5
459,25,1,5,3,6,13,2,2,1,40,4,2,5,4,3,4,5,3,3,4,4,4,5,3,4,3,3,5,4,5,3,5,3,4,5,3,4,5,5,4,5,4,4,6,4,5
460,28,2,5,6,6,23,1,4,0,45,5,5,4,4,2,3,4,4,1,1,1,2,3,3,4,5,2,2,2,3,4,1,3,1,4,4,4,3,1,4,2,4,4,1,1,1
461,43,2,5,6,6,10,2,4,1,50,12,5,4,4,4,3,5,3,1,1,1,1,1,1,2,4,1,2,1,2,2,2,1,3,1,5,2,4,5,3,5,4,4,2,6,3
462,38,2,5,6,3,6,1,3,2,50,5,3,4,4,4,3,4,4,4,3,4,4,4,3,2,4,3,4,3,4,3,4,3,3,2,4,3,6,4,5,4,5,4,4,3,3
463,24,2,5,2,6,2,1,4,1,25,3,3,4,2,4,4,3,3,3,4,2,4,2,2,4,4,3,4,3,3,5,4,3,4,3,4,3,5,3,3,2,3,3,3,3,5
464,29,1,5,6,6,18,2,4,2,32,4,1,1,1,1,1,1,1,4,3,4,3,4,3,5,3,3,4,3,3,4,4,4,3,4,4,4,1,1,1,4,1,2,1,3,1
465,52,2,1,8,6,4,1,2,4,30,2,4,5,5,5,3,5,3,2,2,2,3,4,4,2,4,2,3,3,4,4,4,4,4,3,4,4,4,2,2,2,3,2,2,2,2
466,25,2,5,6,5,5,2,4,5,25,3,2,3,3,1,1,4,3,3,2,3,4,4,3,3,4,3,4,3,4,3,1,2,1,2,4,2,2,4,4,5,5,4,2,2,5
467,37,1,1,7,5,13,2,2,7,40,5,4,4,4,4,1,5,4,3,3,4,4,3,2,4,4,2,4,3,1,2,2,2,5,2,4,2,5,6,5,3,5,3,4,4,4
468,22,2,5,6,5,5,1,4,4,30,3,4,5,4,2,5,5,4,4,4,5,4,3,5,4,5,5,5,2,3,4,4,3,1,4,5,4,5,2,5,2,4,2,5,1,3
469,30,2,1,3,5,13,2,2,3,5,12,2,2,1,1,1,3,3,4,4,4,4,3,3,4,4,2,4,4,4,2,3,2,3,2,4,2,4,5,1,3,3,5,1,5,2
470,29,2,1,3,6,5,1,4,1,20,2,3,4,3,3,4,3,3,4,4,3,3,2,3,4,4,3,4,4,3,3,3,3,3,2,4,3,4,4,4,4,4,4,4,3,3
471,29,1,5,6,6,4,1,4,4,60,2,5,5,5,5,4,5,5,1,1,2,3,2,1,1,1,2,2,1,1,1,4,2,1,1,5,2,6,6,6,6,6,4,6,6,6
472,41,1,5,6,7,23,1,4,4,35,12,2,4,1,1,1,2,2,4,4,5,4,5,3,4,5,4,4,3,3,2,1,2,2,2,3,2,5,4,1,4,3,2,1,5,3
473,25,1,5,7,6,2,1,2,1,38,12,1,4,3,2,2,5,3,3,3,4,2,3,4,4,5,3,3,4,4,3,2,3,3,2,4,4,5,2,5,1,2,5,4,3,3
474,41,1,1,8,6,1,3,1,7,60,11,4,3,1,2,2,1,2,5,5,5,5,5,5,5,5,5,3,4,4,5,4,3,5,5,4,5,3,1,2,1,1,1,1,1,1
475,21,2,5,2,5,9,2,4,2,16,2,3,2,1,1,1,2,1,3,3,3,4,4,3,4,4,4,4,3,4,4,4,5,4,3,3,3,1,5,1,4,4,4,1,5,5
476,30,2,5,3,6,4,2,4,4,56,1,2,4,4,4,3,3,2,4,3,4,4,4,3,3,3,4,3,4,3,5,5,4,2,4,4,4,3,2,2,2,2,2,2,2,3
477,23,2,5,3,6,7,2,4,1,20,2,3,5,3,3,4,4,5,5,5,5,3,4,3,4,4,3,5,4,3,3,3,2,5,2,3,3,4,4,3,2,2,3,2,4,4
478,33,2,1,3,6,4,1,2,28,40,6,4,4,4,4,3,2,2,4,4,4,4,2,4,4,4,3,4,4,3,2,2,2,2,2,2,2,3,5,4,5,5,4,3,5,2
479,34,2,1,6,6,23,2,2,9,70,8,1,4,1,1,4,1,1,5,4,5,3,5,3,4,4,5,5,5,4,4,1,2,1,4,4,4,1,1,1,1,1,1,1,1,1
480,28,1,5,3,6,20,2,4,1,45,12,3,3,2,3,4,3,2,2,4,4,4,3,3,3,3,3,3,3,2,3,2,2,1,3,3,4,4,6,4,5,2,4,4,5,5
481,27,2,5,6,6,11,2,4,7,49,4,5,5,2,4,2,4,4,2,4,3,4,4,4,4,4,4,4,4,5,4,2,4,1,4,5,3,4,3,5,4,2,3,4,1,2
482,34,1,1,6,3,7,2,4,3,40,4,2,3,2,1,2,4,3,4,3,4,4,4,2,4,5,4,4,3,2,2,1,3,2,2,4,3,4,3,4,2,3,3,3,3,6
483,19,1,5,6,3,10,3,4,0,20,1,1,2,3,1,1,2,2,4,4,4,4,3,4,5,3,4,3,3,4,4,2,4,1,4,3,4,2,2,1,3,3,2,1,3,2
484,36,2,1,6,6,4,1,4,1,20,2,3,3,3,3,3,3,3,4,5,3,4,4,4,4,5,3,4,3,4,5,2,4,4,5,4,4,2,1,4,1,2,1,4,4,2
485,24,1,5,6,6,20,2,4,2,25,6,2,3,1,1,1,2,1,4,4,5,4,4,4,4,5,3,5,4,4,3,4,4,2,3,4,3,2,4,1,2,2,3,2,2,1
486,32,1,1,6,5,20,2,3,5,50,8,3,4,3,3,3,3,3,5,5,2,3,5,5,4,5,4,5,3,5,4,2,4,2,4,4,4,3,2,4,4,3,3,3,2,1
487,23,1,5,6,5,15,2,4,2,40,6,3,4,4,4,5,4,3,4,4,3,3,4,5,5,3,4,4,4,3,3,4,4,4,5,3,5,4,4,3,5,5,4,4,4,5
488,34,2,1,7,6,11,1,2,3,50,12,4,4,4,2,4,4,4,4,4,3,1,2,2,1,5,2,4,2,1,4,2,2,1,2,5,2,5,6,5,6,6,1,5,6,2
489,28,2,5,6,7,23,1,4,1,37,3,5,2,4,1,1,2,1,2,1,3,4,1,4,2,1,4,4,3,3,3,4,2,2,4,4,2,3,6,2,6,5,5,4,2,6
490,45,2,1,6,3,2,2,3,1,40,5,3,3,3,3,1,4,4,5,4,5,2,3,4,3,5,3,4,2,3,1,2,3,2,2,4,2,6,6,4,5,5,3,6,5,5
491,28,1,5,3,6,19,1,2,2,40,5,2,3,1,4,1,4,2,5,5,5,5,3,5,5,4,4,5,3,3,3,1,3,2,3,4,3,1,4,2,5,1,4,4,3,2
492,53,2,1,6,5,5,2,4,1,10,1,4,4,2,4,4,5,4,3,4,2,2,2,1,4,3,3,2,3,3,3,4,3,4,4,4,2,5,3,3,2,4,2,4,3,3
493,24,2,5,3,6,7,2,4,1,45,3,1,3,1,2,2,3,1,4,4,4,4,4,4,4,4,4,4,4,4,2,3,2,2,2,4,3,5,4,2,5,4,3,4,4,2
494,23,2,5,3,6,4,1,4,2,40,3,3,3,2,1,1,2,1,4,4,4,4,4,4,3,3,2,4,5,4,4,3,3,4,4,3,4,2,2,1,5,4,2,2,1,2
495,24,2,5,6,5,15,1,4,1,52,4,1,2,4,1,3,3,2,3,2,3,3,4,4,3,4,4,4,3,4,4,4,4,1,2,4,3,4,4,5,4,4,4,3,4,5
496,27,2,5,6,5,7,2,3,5,50,2,1,5,2,4,3,5,5,3,2,1,1,3,2,1,5,5,4,4,5,2,1,3,1,3,5,4,6,5,4,5,5,4,3,5,1
497,57,1,1,6,2,13,2,1,1,55,11,2,4,3,2,4,4,4,5,5,5,4,4,4,4,5,4,4,3,2,4,2,4,4,4,5,4,5,2,6,1,2,2,4,2,1
498,30,2,5,6,5,2,2,1,7,40,6,3,4,2,2,3,3,4,4,5,4,4,2,4,2,5,4,4,2,4,2,4,3,2,2,3,3,3,3,5,5,2,2,1,5,5
499,54,2,1,6,2,13,1,2,16,45,7,3,4,4,4,3,4,3,4,4,5,5,4,5,4,4,3,5,3,5,4,3,4,3,4,5,4,5,2,5,2,4,3,4,1,1
500,27,2,5,6,6,4,1,4,6,48,5,3,4,4,3,2,4,3,2,3,2,4,3,3,4,4,2,3,3,4,3,2,4,2,4,3,3,4,2,3,3,3,3,2,3,4
501,29,2,5,8,5,6,2,3,2,70,3,5,5,5,5,5,5,4,5,4,4,5,4,5,2,4,4,4,4,5,3,5,3,5,4,5,3,6,4,6,5,4,3,1,5,6
502,26,2,5,6,5,20,2,4,1,40,6,2,2,1,1,1,2,2,4,4,4,4,5,3,4,4,2,3,4,5,4,1,4,1,4,4,4,2,5,2,5,4,4,4,4,5
503,28,2,5,6,2,2,2,2,2,20,3,4,4,4,4,5,3,3,4,4,4,4,4,5,5,4,2,3,5,4,2,2,2,2,4,5,4,4,3,5,5,2,5,5,4,5
504,27,1,5,3,6,2,3,1,2,56,12,3,3,3,3,3,3,3,4,4,4,4,4,4,4,4,4,4,4,4,3,3,3,3,4,3,3,4,3,4,4,4,4,4,4,4
505,27,1,5,4,5,20,2,4,1,40,1,2,3,2,5,3,4,4,5,3,4,3,2,4,3,5,4,3,4,5,4,3,4,1,4,5,3,5,2,5,6,2,4,5,2,5
506,26,2,5,6,5,10,2,4,1,40,3,1,4,1,3,1,4,2,3,3,3,3,4,3,4,3,4,4,3,4,3,3,3,1,2,2,3,3,3,3,2,3,3,3,3,4
507,27,1,5,6,6,10,2,4,6,20,2,3,4,1,3,3,4,3,4,4,4,4,2,4,4,5,3,4,4,5,3,3,3,4,3,2,3,6,6,1,6,2,4,3,1,3
508,35,2,1,6,4,8,2,2,10,50,10,3,4,4,3,5,4,3,3,3,3,3,1,2,2,3,3,3,3,2,4,4,4,4,2,2,2,3,4,5,4,2,4,3,6,2
509,25,2,1,6,3,5,2,2,9,36,10,2,4,2,2,4,3,2,4,3,4,4,3,4,4,3,3,4,4,5,3,4,4,5,4,5,3,4,4,5,4,4,5,4,3,5
510,26,2,1,6,4,8,2,3,7,42,11,3,2,4,4,5,3,4,4,4,3,1,5,4,4,4,3,2,4,3,3,5,2,4,3,5,3,5,4,3,4,4,5,3,5,4
511,45,1,2,6,6,13,2,1,36,65,9,3,3,2,2,2,3,3,2,2,3,2,2,2,3,1,2,1,1,3,3,3,3,2,3,2,3,3,1,3,3,3,3,2,3,3
512,31,1,1,7,5,19,2,3,7,46,2,1,3,2,2,4,3,2,5,5,5,1,2,5,1,3,3,5,2,4,1,1,1,3,3,1,2,1,5,1,4,5,6,1,6,1
513,32,2,1,3,5,23,2,4,10,51,12,4,5,4,2,1,4,3,3,3,4,3,3,4,2,4,4,4,4,4,2,2,3,3,2,4,4,5,5,4,2,5,5,3,4,3
514,22,3,2,2,3,9,1,2,47,56,10,3,3,3,3,3,3,3,3,3,3,3,3,3,3,3,3,3,3,3,3,3,3,3,3,2,2,3,3,3,3,3,3,3,3,3
515,24,2,1,6,3,23,1,3,1,1,11,3,1,1,2,3,2,2,4,5,4,1,3,4,3,2,2,3,5,3,3,1,2,2,1,3,1,3,5,6,4,5,5,5,4,4
